	id	params	train_rmse	test_rmse	train_mape	test_mape
0	1.0	{'gamma': 0.0, 'learning_rate': 0.01, 'max_depth': 5, 'n_estimators': 100, 'nthread': 4}	12.9574895337997	7.784205768749768	8.562401843156639	5.696554194188804
1	1.0	{'gamma': 0.0, 'learning_rate': 0.01, 'max_depth': 6, 'n_estimators': 100, 'nthread': 4}	12.439383797564403	7.828547317975078	8.26489791357861	5.758176668311483
2	1.0	{'gamma': 0.0, 'learning_rate': 0.01, 'max_depth': 7, 'n_estimators': 100, 'nthread': 4}	11.942658877549423	7.7560570354486975	7.96719583296594	5.725135212828622
3	1.0	{'gamma': 0.0, 'learning_rate': 0.1, 'max_depth': 5, 'n_estimators': 100, 'nthread': 4}	7.374147876313422	7.040924860904901	4.843352948966537	5.07346026659123
4	1.0	{'gamma': 0.0, 'learning_rate': 0.1, 'max_depth': 6, 'n_estimators': 100, 'nthread': 4}	6.215144405693979	7.154566132899399	4.095460217445835	5.022195313752883
5	1.0	{'gamma': 0.0, 'learning_rate': 0.1, 'max_depth': 7, 'n_estimators': 100, 'nthread': 4}	5.139464825593669	7.183007611662121	3.3913079773515964	5.06436309270072
6	1.0	{'gamma': 0.0, 'learning_rate': 0.2, 'max_depth': 5, 'n_estimators': 100, 'nthread': 4}	6.22887892468951	7.0623490765910635	4.062769505525134	5.034989437953991
7	1.0	{'gamma': 0.0, 'learning_rate': 0.2, 'max_depth': 6, 'n_estimators': 100, 'nthread': 4}	4.96783513819161	7.138481458021042	3.2534758967226534	5.002322850452539
8	1.0	{'gamma': 0.0, 'learning_rate': 0.2, 'max_depth': 7, 'n_estimators': 100, 'nthread': 4}	3.9598083573650653	7.151573126047263	2.565958059940192	5.07240548136031
9	1.0	{'gamma': 0.1, 'learning_rate': 0.01, 'max_depth': 5, 'n_estimators': 100, 'nthread': 4}	12.9574895337997	7.784205768749768	8.562401843156639	5.696554194188804
10	1.0	{'gamma': 0.1, 'learning_rate': 0.01, 'max_depth': 6, 'n_estimators': 100, 'nthread': 4}	12.439383797564403	7.828547317975078	8.26489791357861	5.758176668311483
11	1.0	{'gamma': 0.1, 'learning_rate': 0.01, 'max_depth': 7, 'n_estimators': 100, 'nthread': 4}	11.942658883224059	7.7560570354486975	7.96719581907723	5.725135212828622
12	1.0	{'gamma': 0.1, 'learning_rate': 0.1, 'max_depth': 5, 'n_estimators': 100, 'nthread': 4}	7.374147876313422	7.040924860904901	4.843352948966537	5.07346026659123
13	1.0	{'gamma': 0.1, 'learning_rate': 0.1, 'max_depth': 6, 'n_estimators': 100, 'nthread': 4}	6.21514513299587	7.154565800869695	4.0954533577870516	5.022194894792167
14	1.0	{'gamma': 0.1, 'learning_rate': 0.1, 'max_depth': 7, 'n_estimators': 100, 'nthread': 4}	5.171050284538392	7.058863739001881	3.4070104099854697	4.9374484868704975
15	1.0	{'gamma': 0.1, 'learning_rate': 0.2, 'max_depth': 5, 'n_estimators': 100, 'nthread': 4}	6.228878660408651	7.0623499860529275	4.062770140641472	5.034989963188685
16	1.0	{'gamma': 0.1, 'learning_rate': 0.2, 'max_depth': 6, 'n_estimators': 100, 'nthread': 4}	5.007636817156056	7.087157393961785	3.263178850341141	5.052067411560456
17	1.0	{'gamma': 0.1, 'learning_rate': 0.2, 'max_depth': 7, 'n_estimators': 100, 'nthread': 4}	3.91700146396529	7.1313009258020195	2.542383581682301	5.0894165940753275
18	1.0	{'gamma': 0.2, 'learning_rate': 0.01, 'max_depth': 5, 'n_estimators': 100, 'nthread': 4}	12.9574895337997	7.784205768749768	8.562401843156639	5.696554194188804
19	1.0	{'gamma': 0.2, 'learning_rate': 0.01, 'max_depth': 6, 'n_estimators': 100, 'nthread': 4}	12.439383797564403	7.828547317975078	8.26489791357861	5.758176668311483
20	1.0	{'gamma': 0.2, 'learning_rate': 0.01, 'max_depth': 7, 'n_estimators': 100, 'nthread': 4}	11.942658884675046	7.7560570354486975	7.967195817739974	5.725135212828622
21	1.0	{'gamma': 0.2, 'learning_rate': 0.1, 'max_depth': 5, 'n_estimators': 100, 'nthread': 4}	7.3741475522694415	7.040927221268347	4.843350743822088	5.073462430739213
22	1.0	{'gamma': 0.2, 'learning_rate': 0.1, 'max_depth': 6, 'n_estimators': 100, 'nthread': 4}	6.215145372099676	7.154565538030527	4.095449081470161	5.022194426439949
23	1.0	{'gamma': 0.2, 'learning_rate': 0.1, 'max_depth': 7, 'n_estimators': 100, 'nthread': 4}	5.171056867840207	7.058854195079328	3.407022469284618	4.937443713976903
24	1.0	{'gamma': 0.2, 'learning_rate': 0.2, 'max_depth': 5, 'n_estimators': 100, 'nthread': 4}	6.228880074600995	7.062349248931796	4.062764227967587	5.034993498028785
25	1.0	{'gamma': 0.2, 'learning_rate': 0.2, 'max_depth': 6, 'n_estimators': 100, 'nthread': 4}	5.007637859384806	7.087154602685391	3.2631560342126433	5.052066402221351
26	1.0	{'gamma': 0.2, 'learning_rate': 0.2, 'max_depth': 7, 'n_estimators': 100, 'nthread': 4}	3.954382682073639	6.8563472367470295	2.5626505265870456	4.961241312097898
27	2.0	{'gamma': 0.0, 'learning_rate': 0.01, 'max_depth': 5, 'n_estimators': 100, 'nthread': 4}	12.78696368325763	12.97887966229575	8.428963186043553	7.824571442976655
28	2.0	{'gamma': 0.0, 'learning_rate': 0.01, 'max_depth': 6, 'n_estimators': 100, 'nthread': 4}	12.269847932703042	12.90462983321762	8.134543866562915	7.812936054995147
29	2.0	{'gamma': 0.0, 'learning_rate': 0.01, 'max_depth': 7, 'n_estimators': 100, 'nthread': 4}	11.753548131333565	12.772844988352304	7.821204924292916	7.749728349671425
30	2.0	{'gamma': 0.0, 'learning_rate': 0.1, 'max_depth': 5, 'n_estimators': 100, 'nthread': 4}	7.32228187005188	10.78066105202007	4.79593393098254	6.818462130750673
31	2.0	{'gamma': 0.0, 'learning_rate': 0.1, 'max_depth': 6, 'n_estimators': 100, 'nthread': 4}	6.221395615908438	10.578663296299172	4.102984052978739	6.662548480904494
32	2.0	{'gamma': 0.0, 'learning_rate': 0.1, 'max_depth': 7, 'n_estimators': 100, 'nthread': 4}	5.141957271493616	10.840960310962199	3.3965096989338575	6.755084179450092
33	2.0	{'gamma': 0.0, 'learning_rate': 0.2, 'max_depth': 5, 'n_estimators': 100, 'nthread': 4}	6.203120384053281	11.176127025119012	4.056853598630819	7.033013044475599
34	2.0	{'gamma': 0.0, 'learning_rate': 0.2, 'max_depth': 6, 'n_estimators': 100, 'nthread': 4}	4.970646123378996	10.993098419252485	3.2541025633417604	6.904499518323889
35	2.0	{'gamma': 0.0, 'learning_rate': 0.2, 'max_depth': 7, 'n_estimators': 100, 'nthread': 4}	3.949131756592039	10.404831178310408	2.5429204886458003	6.486511314028121
36	2.0	{'gamma': 0.1, 'learning_rate': 0.01, 'max_depth': 5, 'n_estimators': 100, 'nthread': 4}	12.78696368325763	12.97887966229575	8.428963186043553	7.824571442976655
37	2.0	{'gamma': 0.1, 'learning_rate': 0.01, 'max_depth': 6, 'n_estimators': 100, 'nthread': 4}	12.269847932703042	12.90462983321762	8.134543866562915	7.812936054995147
38	2.0	{'gamma': 0.1, 'learning_rate': 0.01, 'max_depth': 7, 'n_estimators': 100, 'nthread': 4}	11.753548131333565	12.772844988352304	7.821204924292916	7.749728349671425
39	2.0	{'gamma': 0.1, 'learning_rate': 0.1, 'max_depth': 5, 'n_estimators': 100, 'nthread': 4}	7.303299807380485	10.793346266982903	4.786620411716401	6.719678636033964
40	2.0	{'gamma': 0.1, 'learning_rate': 0.1, 'max_depth': 6, 'n_estimators': 100, 'nthread': 4}	6.175835773587817	10.58033135123527	4.082313451883789	6.645158504171465
41	2.0	{'gamma': 0.1, 'learning_rate': 0.1, 'max_depth': 7, 'n_estimators': 100, 'nthread': 4}	5.095806981618258	10.76216202424285	3.3732745657584475	6.709041662797619
42	2.0	{'gamma': 0.1, 'learning_rate': 0.2, 'max_depth': 5, 'n_estimators': 100, 'nthread': 4}	6.203120509610864	11.176127738641233	4.056853647739861	7.033013433024584
43	2.0	{'gamma': 0.1, 'learning_rate': 0.2, 'max_depth': 6, 'n_estimators': 100, 'nthread': 4}	4.971687329183085	10.94108090400215	3.2558667860794017	6.8979732362062744
44	2.0	{'gamma': 0.1, 'learning_rate': 0.2, 'max_depth': 7, 'n_estimators': 100, 'nthread': 4}	3.966292060167874	10.360222605824294	2.55881847316658	6.431658574520677
45	2.0	{'gamma': 0.2, 'learning_rate': 0.01, 'max_depth': 5, 'n_estimators': 100, 'nthread': 4}	12.78696368325763	12.97887966229575	8.428963186043553	7.824571442976655
46	2.0	{'gamma': 0.2, 'learning_rate': 0.01, 'max_depth': 6, 'n_estimators': 100, 'nthread': 4}	12.269847932703042	12.90462983321762	8.134543866562915	7.812936054995147
47	2.0	{'gamma': 0.2, 'learning_rate': 0.01, 'max_depth': 7, 'n_estimators': 100, 'nthread': 4}	11.753548150613668	12.772844988352304	7.8212037392778555	7.749728349671425
48	2.0	{'gamma': 0.2, 'learning_rate': 0.1, 'max_depth': 5, 'n_estimators': 100, 'nthread': 4}	7.303299807380485	10.793346266982903	4.786620411716401	6.719678636033964
49	2.0	{'gamma': 0.2, 'learning_rate': 0.1, 'max_depth': 6, 'n_estimators': 100, 'nthread': 4}	6.175835861579548	10.58033135123527	4.082312868283526	6.645158504171465
50	2.0	{'gamma': 0.2, 'learning_rate': 0.1, 'max_depth': 7, 'n_estimators': 100, 'nthread': 4}	5.07940434829689	10.77277799292788	3.3527217890245637	6.689640420706365
51	2.0	{'gamma': 0.2, 'learning_rate': 0.2, 'max_depth': 5, 'n_estimators': 100, 'nthread': 4}	6.203129993779201	11.176129799279805	4.056842648697363	7.033012797194754
52	2.0	{'gamma': 0.2, 'learning_rate': 0.2, 'max_depth': 6, 'n_estimators': 100, 'nthread': 4}	4.947310153898908	10.758619627099451	3.2286879335839007	6.750553923553768
53	2.0	{'gamma': 0.2, 'learning_rate': 0.2, 'max_depth': 7, 'n_estimators': 100, 'nthread': 4}	3.936541753376921	10.402186475560695	2.546625978727603	6.512845088831949
54	3.0	{'gamma': 0.0, 'learning_rate': 0.01, 'max_depth': 5, 'n_estimators': 100, 'nthread': 4}	12.919992172359333	9.038366300913117	8.52647017079726	6.985316597561687
55	3.0	{'gamma': 0.0, 'learning_rate': 0.01, 'max_depth': 6, 'n_estimators': 100, 'nthread': 4}	12.40423906198628	8.826798767416067	8.243443644111341	6.759976407568645
56	3.0	{'gamma': 0.0, 'learning_rate': 0.01, 'max_depth': 7, 'n_estimators': 100, 'nthread': 4}	11.91366104469796	8.847088281945704	7.9472859491894905	6.608401585174238
57	3.0	{'gamma': 0.0, 'learning_rate': 0.1, 'max_depth': 5, 'n_estimators': 100, 'nthread': 4}	7.45541712653521	7.069224426895108	4.879417022348032	4.938240063969181
58	3.0	{'gamma': 0.0, 'learning_rate': 0.1, 'max_depth': 6, 'n_estimators': 100, 'nthread': 4}	6.300425219030819	6.9522383326561	4.14385998472675	4.591894219734134
59	3.0	{'gamma': 0.0, 'learning_rate': 0.1, 'max_depth': 7, 'n_estimators': 100, 'nthread': 4}	5.149523709918841	7.213133806512494	3.3809245623006023	4.691195656845979
60	3.0	{'gamma': 0.0, 'learning_rate': 0.2, 'max_depth': 5, 'n_estimators': 100, 'nthread': 4}	6.264403130170995	7.186790715725384	4.085483334176356	4.9375583213160175
61	3.0	{'gamma': 0.0, 'learning_rate': 0.2, 'max_depth': 6, 'n_estimators': 100, 'nthread': 4}	5.096066415059552	7.083515040447834	3.313626006902531	4.5866424055671455
62	3.0	{'gamma': 0.0, 'learning_rate': 0.2, 'max_depth': 7, 'n_estimators': 100, 'nthread': 4}	3.9893796854481147	7.908126291205086	2.5788537216745167	5.000217038229788
63	3.0	{'gamma': 0.1, 'learning_rate': 0.01, 'max_depth': 5, 'n_estimators': 100, 'nthread': 4}	12.919992172359333	9.038366300913117	8.52647017079726	6.985316597561687
64	3.0	{'gamma': 0.1, 'learning_rate': 0.01, 'max_depth': 6, 'n_estimators': 100, 'nthread': 4}	12.40423906198628	8.826798767416067	8.243443644111341	6.759976407568645
65	3.0	{'gamma': 0.1, 'learning_rate': 0.01, 'max_depth': 7, 'n_estimators': 100, 'nthread': 4}	11.91366104469796	8.847088281945704	7.9472859491894905	6.608401585174238
66	3.0	{'gamma': 0.1, 'learning_rate': 0.1, 'max_depth': 5, 'n_estimators': 100, 'nthread': 4}	7.4555865286001906	7.067515902177894	4.880523540375381	4.936613925698223
67	3.0	{'gamma': 0.1, 'learning_rate': 0.1, 'max_depth': 6, 'n_estimators': 100, 'nthread': 4}	6.32890895343098	6.922611883496532	4.162116672894652	4.596363844205522
68	3.0	{'gamma': 0.1, 'learning_rate': 0.1, 'max_depth': 7, 'n_estimators': 100, 'nthread': 4}	5.16279583441405	7.2855972877222985	3.387414754930502	4.755774324765844
69	3.0	{'gamma': 0.1, 'learning_rate': 0.2, 'max_depth': 5, 'n_estimators': 100, 'nthread': 4}	6.264402651729404	7.186793216363507	4.0854823568389325	4.937560702276728
70	3.0	{'gamma': 0.1, 'learning_rate': 0.2, 'max_depth': 6, 'n_estimators': 100, 'nthread': 4}	5.070064230998648	7.118831766076823	3.3067330885283583	4.677798651737339
71	3.0	{'gamma': 0.1, 'learning_rate': 0.2, 'max_depth': 7, 'n_estimators': 100, 'nthread': 4}	3.9857277046748756	7.8414885870863795	2.5816425981648328	4.962022532390683
72	3.0	{'gamma': 0.2, 'learning_rate': 0.01, 'max_depth': 5, 'n_estimators': 100, 'nthread': 4}	12.919992172359333	9.038366300913117	8.52647017079726	6.985316597561687
73	3.0	{'gamma': 0.2, 'learning_rate': 0.01, 'max_depth': 6, 'n_estimators': 100, 'nthread': 4}	12.40423906198628	8.826798767416067	8.243443644111341	6.759976407568645
74	3.0	{'gamma': 0.2, 'learning_rate': 0.01, 'max_depth': 7, 'n_estimators': 100, 'nthread': 4}	11.91366104469796	8.847088281945704	7.9472859491894905	6.608401585174238
75	3.0	{'gamma': 0.2, 'learning_rate': 0.1, 'max_depth': 5, 'n_estimators': 100, 'nthread': 4}	7.4555865286001906	7.067515902177894	4.880523540375381	4.936613925698223
76	3.0	{'gamma': 0.2, 'learning_rate': 0.1, 'max_depth': 6, 'n_estimators': 100, 'nthread': 4}	6.308705613705814	6.991516092326169	4.1498986916821	4.632698714767603
77	3.0	{'gamma': 0.2, 'learning_rate': 0.1, 'max_depth': 7, 'n_estimators': 100, 'nthread': 4}	5.131837619116806	7.120953831732032	3.379396030086674	4.611165457600396
78	3.0	{'gamma': 0.2, 'learning_rate': 0.2, 'max_depth': 5, 'n_estimators': 100, 'nthread': 4}	6.264402651729404	7.186793216363507	4.0854823568389325	4.937560702276728
79	3.0	{'gamma': 0.2, 'learning_rate': 0.2, 'max_depth': 6, 'n_estimators': 100, 'nthread': 4}	5.070064793276974	7.118831512798223	3.3067355845357054	4.677798936441733
80	3.0	{'gamma': 0.2, 'learning_rate': 0.2, 'max_depth': 7, 'n_estimators': 100, 'nthread': 4}	3.9857369639911924	7.841629885856393	2.581617169760313	4.962159226135238
81	4.0	{'gamma': 0.0, 'learning_rate': 0.01, 'max_depth': 5, 'n_estimators': 100, 'nthread': 4}	12.838861170611525	11.814780926338296	8.46083238974444	7.784909037404954
82	4.0	{'gamma': 0.0, 'learning_rate': 0.01, 'max_depth': 6, 'n_estimators': 100, 'nthread': 4}	12.341337259904241	11.753704737376989	8.165428096441902	7.814257196547893
83	4.0	{'gamma': 0.0, 'learning_rate': 0.01, 'max_depth': 7, 'n_estimators': 100, 'nthread': 4}	11.83764694598535	11.81298067991208	7.871952148449772	7.829380890126162
84	4.0	{'gamma': 0.0, 'learning_rate': 0.1, 'max_depth': 5, 'n_estimators': 100, 'nthread': 4}	7.388602125200369	10.247275711792572	4.825315527148141	6.783985601968942
85	4.0	{'gamma': 0.0, 'learning_rate': 0.1, 'max_depth': 6, 'n_estimators': 100, 'nthread': 4}	6.260226169896615	10.445242632444316	4.100120344141718	7.005638812603109
86	4.0	{'gamma': 0.0, 'learning_rate': 0.1, 'max_depth': 7, 'n_estimators': 100, 'nthread': 4}	5.19719629378913	10.678816656959981	3.4120068726770514	7.075576671967172
87	4.0	{'gamma': 0.0, 'learning_rate': 0.2, 'max_depth': 5, 'n_estimators': 100, 'nthread': 4}	6.2645145153208235	10.54264900264843	4.096837390078662	7.095176446705574
88	4.0	{'gamma': 0.0, 'learning_rate': 0.2, 'max_depth': 6, 'n_estimators': 100, 'nthread': 4}	5.084923969856002	10.17874396811896	3.2898566122815316	6.695754398448041
89	4.0	{'gamma': 0.0, 'learning_rate': 0.2, 'max_depth': 7, 'n_estimators': 100, 'nthread': 4}	3.9838033922017213	10.68588536112835	2.569494866859099	6.990400181072053
90	4.0	{'gamma': 0.1, 'learning_rate': 0.01, 'max_depth': 5, 'n_estimators': 100, 'nthread': 4}	12.838861170611525	11.814780926338296	8.46083238974444	7.784909037404954
91	4.0	{'gamma': 0.1, 'learning_rate': 0.01, 'max_depth': 6, 'n_estimators': 100, 'nthread': 4}	12.341337259904241	11.753704737376989	8.165428096441902	7.814257196547893
92	4.0	{'gamma': 0.1, 'learning_rate': 0.01, 'max_depth': 7, 'n_estimators': 100, 'nthread': 4}	11.83764694598535	11.81298067991208	7.871952148449772	7.829380890126162
93	4.0	{'gamma': 0.1, 'learning_rate': 0.1, 'max_depth': 5, 'n_estimators': 100, 'nthread': 4}	7.388602195412532	10.247275242069732	4.825312964426464	6.783984841640915
94	4.0	{'gamma': 0.1, 'learning_rate': 0.1, 'max_depth': 6, 'n_estimators': 100, 'nthread': 4}	6.260232920892001	10.44524031391934	4.100115824202702	7.005637792978048
95	4.0	{'gamma': 0.1, 'learning_rate': 0.1, 'max_depth': 7, 'n_estimators': 100, 'nthread': 4}	5.176568658568789	10.681320234814116	3.400346477676525	7.082327684897612
96	4.0	{'gamma': 0.1, 'learning_rate': 0.2, 'max_depth': 5, 'n_estimators': 100, 'nthread': 4}	6.264514598738051	10.54264900264843	4.09683409166079	7.095176446705574
97	4.0	{'gamma': 0.1, 'learning_rate': 0.2, 'max_depth': 6, 'n_estimators': 100, 'nthread': 4}	5.0667358954142925	10.155718601861352	3.281766434694932	6.716419177227122
98	4.0	{'gamma': 0.1, 'learning_rate': 0.2, 'max_depth': 7, 'n_estimators': 100, 'nthread': 4}	3.962188368221937	10.577764181490995	2.5566345753553548	6.970619186225475
99	4.0	{'gamma': 0.2, 'learning_rate': 0.01, 'max_depth': 5, 'n_estimators': 100, 'nthread': 4}	12.838861170611525	11.814780926338296	8.46083238974444	7.784909037404954
100	4.0	{'gamma': 0.2, 'learning_rate': 0.01, 'max_depth': 6, 'n_estimators': 100, 'nthread': 4}	12.341337259904241	11.753704737376989	8.165428096441902	7.814257196547893
101	4.0	{'gamma': 0.2, 'learning_rate': 0.01, 'max_depth': 7, 'n_estimators': 100, 'nthread': 4}	11.83764694598535	11.81298067991208	7.871952148449772	7.829380890126162
102	4.0	{'gamma': 0.2, 'learning_rate': 0.1, 'max_depth': 5, 'n_estimators': 100, 'nthread': 4}	7.388602195412532	10.247275242069732	4.825312964426464	6.783984841640915
103	4.0	{'gamma': 0.2, 'learning_rate': 0.1, 'max_depth': 6, 'n_estimators': 100, 'nthread': 4}	6.260233618929625	10.445241961468705	4.100104857003604	7.005638471501541
104	4.0	{'gamma': 0.2, 'learning_rate': 0.1, 'max_depth': 7, 'n_estimators': 100, 'nthread': 4}	5.203611325011547	10.671323746348822	3.4143010855160942	7.070599613075197
105	4.0	{'gamma': 0.2, 'learning_rate': 0.2, 'max_depth': 5, 'n_estimators': 100, 'nthread': 4}	6.264514598738051	10.54264900264843	4.09683409166079	7.095176446705574
106	4.0	{'gamma': 0.2, 'learning_rate': 0.2, 'max_depth': 6, 'n_estimators': 100, 'nthread': 4}	5.077275683486855	10.163503772690508	3.288507944833173	6.734697663663406
107	4.0	{'gamma': 0.2, 'learning_rate': 0.2, 'max_depth': 7, 'n_estimators': 100, 'nthread': 4}	3.9942061832219107	10.581834144901855	2.570336475568365	7.013134284669588
108	5.0	{'gamma': 0.0, 'learning_rate': 0.01, 'max_depth': 5, 'n_estimators': 100, 'nthread': 4}	12.914186827516856	10.117822878179835	8.497066942496707	8.812135600367503
109	5.0	{'gamma': 0.0, 'learning_rate': 0.01, 'max_depth': 6, 'n_estimators': 100, 'nthread': 4}	12.401920962505896	10.018908613824713	8.200919337103949	8.744836588602867
110	5.0	{'gamma': 0.0, 'learning_rate': 0.01, 'max_depth': 7, 'n_estimators': 100, 'nthread': 4}	11.885972165881423	9.987658916176802	7.895132924038093	8.721736272445435
111	5.0	{'gamma': 0.0, 'learning_rate': 0.1, 'max_depth': 5, 'n_estimators': 100, 'nthread': 4}	7.46305620618352	6.823762499835215	4.8662299014853545	5.213894426139794
112	5.0	{'gamma': 0.0, 'learning_rate': 0.1, 'max_depth': 6, 'n_estimators': 100, 'nthread': 4}	6.268155363870627	7.015760164651643	4.134828287533052	5.369203342401538
113	5.0	{'gamma': 0.0, 'learning_rate': 0.1, 'max_depth': 7, 'n_estimators': 100, 'nthread': 4}	5.1960090283959515	6.903844188214759	3.420392368649541	5.241360008564273
114	5.0	{'gamma': 0.0, 'learning_rate': 0.2, 'max_depth': 5, 'n_estimators': 100, 'nthread': 4}	6.307991682159325	7.242342776251823	4.089348773365834	5.572646005028721
115	5.0	{'gamma': 0.0, 'learning_rate': 0.2, 'max_depth': 6, 'n_estimators': 100, 'nthread': 4}	5.074496604427803	6.98351170477661	3.306042585281002	5.244099202871569
116	5.0	{'gamma': 0.0, 'learning_rate': 0.2, 'max_depth': 7, 'n_estimators': 100, 'nthread': 4}	3.992138478628716	7.108053338524472	2.5717364118921395	5.401044556093301
117	5.0	{'gamma': 0.1, 'learning_rate': 0.01, 'max_depth': 5, 'n_estimators': 100, 'nthread': 4}	12.914186827516856	10.117822878179835	8.497066942496707	8.812135600367503
118	5.0	{'gamma': 0.1, 'learning_rate': 0.01, 'max_depth': 6, 'n_estimators': 100, 'nthread': 4}	12.401920962505896	10.018908613824713	8.200919337103949	8.744836588602867
119	5.0	{'gamma': 0.1, 'learning_rate': 0.01, 'max_depth': 7, 'n_estimators': 100, 'nthread': 4}	11.885972165881423	9.987658916176802	7.895132924038093	8.721736272445435
120	5.0	{'gamma': 0.1, 'learning_rate': 0.1, 'max_depth': 5, 'n_estimators': 100, 'nthread': 4}	7.46305620618352	6.823762499835215	4.8662299014853545	5.213894426139794
121	5.0	{'gamma': 0.1, 'learning_rate': 0.1, 'max_depth': 6, 'n_estimators': 100, 'nthread': 4}	6.268154183907085	7.015758347705571	4.134822625567454	5.369200368443272
122	5.0	{'gamma': 0.1, 'learning_rate': 0.1, 'max_depth': 7, 'n_estimators': 100, 'nthread': 4}	5.196013430804157	6.903845545569369	3.420397675643948	5.241364785797989
123	5.0	{'gamma': 0.1, 'learning_rate': 0.2, 'max_depth': 5, 'n_estimators': 100, 'nthread': 4}	6.307991682159325	7.242342776251823	4.089348773365834	5.572646005028721
124	5.0	{'gamma': 0.1, 'learning_rate': 0.2, 'max_depth': 6, 'n_estimators': 100, 'nthread': 4}	5.074509336848521	6.983535899381915	3.306029292839589	5.244119881689762
125	5.0	{'gamma': 0.1, 'learning_rate': 0.2, 'max_depth': 7, 'n_estimators': 100, 'nthread': 4}	3.9996311026362665	7.115997136015791	2.5703729010851624	5.46053587584997
126	5.0	{'gamma': 0.2, 'learning_rate': 0.01, 'max_depth': 5, 'n_estimators': 100, 'nthread': 4}	12.914186827516856	10.117822878179835	8.497066942496707	8.812135600367503
127	5.0	{'gamma': 0.2, 'learning_rate': 0.01, 'max_depth': 6, 'n_estimators': 100, 'nthread': 4}	12.401920962505896	10.018908613824713	8.200919337103949	8.744836588602867
128	5.0	{'gamma': 0.2, 'learning_rate': 0.01, 'max_depth': 7, 'n_estimators': 100, 'nthread': 4}	11.885972165881423	9.987658916176802	7.895132924038093	8.721736272445435
129	5.0	{'gamma': 0.2, 'learning_rate': 0.1, 'max_depth': 5, 'n_estimators': 100, 'nthread': 4}	7.46305620618352	6.823762499835215	4.8662299014853545	5.213894426139794
130	5.0	{'gamma': 0.2, 'learning_rate': 0.1, 'max_depth': 6, 'n_estimators': 100, 'nthread': 4}	6.268155002418725	7.015756257367738	4.134826250603905	5.36919851562559
131	5.0	{'gamma': 0.2, 'learning_rate': 0.1, 'max_depth': 7, 'n_estimators': 100, 'nthread': 4}	5.196017649602637	6.903844341944401	3.4203864728004483	5.241363502293525
132	5.0	{'gamma': 0.2, 'learning_rate': 0.2, 'max_depth': 5, 'n_estimators': 100, 'nthread': 4}	6.303458565676961	7.234022243672101	4.087232020596661	5.536536128239252
133	5.0	{'gamma': 0.2, 'learning_rate': 0.2, 'max_depth': 6, 'n_estimators': 100, 'nthread': 4}	5.0744990835556525	6.983529906528547	3.3060057182659435	5.244115351183726
134	5.0	{'gamma': 0.2, 'learning_rate': 0.2, 'max_depth': 7, 'n_estimators': 100, 'nthread': 4}	3.88897094373777	7.019784275005766	2.5110140237670353	5.382817854166638
135	6.0	{'gamma': 0.0, 'learning_rate': 0.01, 'max_depth': 5, 'n_estimators': 100, 'nthread': 4}	12.46469314048386	22.84220341054445	8.299457127263455	12.154023596876822
136	6.0	{'gamma': 0.0, 'learning_rate': 0.01, 'max_depth': 6, 'n_estimators': 100, 'nthread': 4}	11.97588853697085	22.564238509150908	8.000832291005112	11.926239747743082
137	6.0	{'gamma': 0.0, 'learning_rate': 0.01, 'max_depth': 7, 'n_estimators': 100, 'nthread': 4}	11.526313517525606	22.314016638988868	7.7243164675700955	11.882919405936287
138	6.0	{'gamma': 0.0, 'learning_rate': 0.1, 'max_depth': 5, 'n_estimators': 100, 'nthread': 4}	7.111899146744182	17.450626968878186	4.700075525886353	10.223299778143861
139	6.0	{'gamma': 0.0, 'learning_rate': 0.1, 'max_depth': 6, 'n_estimators': 100, 'nthread': 4}	6.076259281709906	17.875900430329388	4.036679686081486	9.916861103818041
140	6.0	{'gamma': 0.0, 'learning_rate': 0.1, 'max_depth': 7, 'n_estimators': 100, 'nthread': 4}	5.002667660212147	17.204656415081853	3.307115693151986	9.967616182335021
141	6.0	{'gamma': 0.0, 'learning_rate': 0.2, 'max_depth': 5, 'n_estimators': 100, 'nthread': 4}	6.0814744659406825	18.290171068134946	4.010011836684193	10.387772803956372
142	6.0	{'gamma': 0.0, 'learning_rate': 0.2, 'max_depth': 6, 'n_estimators': 100, 'nthread': 4}	4.926706639611183	18.538450823209025	3.2466325853475455	10.186052582581299
143	6.0	{'gamma': 0.0, 'learning_rate': 0.2, 'max_depth': 7, 'n_estimators': 100, 'nthread': 4}	3.885695397249162	18.138994724143448	2.525370848402578	10.606805807096288
144	6.0	{'gamma': 0.1, 'learning_rate': 0.01, 'max_depth': 5, 'n_estimators': 100, 'nthread': 4}	12.46469314048386	22.84220341054445	8.299457127263455	12.154023596876822
145	6.0	{'gamma': 0.1, 'learning_rate': 0.01, 'max_depth': 6, 'n_estimators': 100, 'nthread': 4}	11.97588853697085	22.564238509150908	8.000832291005112	11.926239747743082
146	6.0	{'gamma': 0.1, 'learning_rate': 0.01, 'max_depth': 7, 'n_estimators': 100, 'nthread': 4}	11.524448991332862	22.275561437983168	7.724274288829013	11.874246760583295
147	6.0	{'gamma': 0.1, 'learning_rate': 0.1, 'max_depth': 5, 'n_estimators': 100, 'nthread': 4}	7.111899146744182	17.450626968878186	4.700075525886353	10.223299778143861
148	6.0	{'gamma': 0.1, 'learning_rate': 0.1, 'max_depth': 6, 'n_estimators': 100, 'nthread': 4}	6.076270279746533	17.880000028202495	4.036660552251652	9.918017033271548
149	6.0	{'gamma': 0.1, 'learning_rate': 0.1, 'max_depth': 7, 'n_estimators': 100, 'nthread': 4}	5.037454648690102	17.445888078411546	3.334435361421928	10.172666754066308
150	6.0	{'gamma': 0.1, 'learning_rate': 0.2, 'max_depth': 5, 'n_estimators': 100, 'nthread': 4}	6.081474133084013	18.290169777806238	4.010011463610819	10.38777207448398
151	6.0	{'gamma': 0.1, 'learning_rate': 0.2, 'max_depth': 6, 'n_estimators': 100, 'nthread': 4}	4.926704877485949	18.538450129158296	3.2466099345649897	10.18605100988393
152	6.0	{'gamma': 0.1, 'learning_rate': 0.2, 'max_depth': 7, 'n_estimators': 100, 'nthread': 4}	3.8016901181967246	17.914671901715057	2.4797942958406987	10.483351225410367
153	6.0	{'gamma': 0.2, 'learning_rate': 0.01, 'max_depth': 5, 'n_estimators': 100, 'nthread': 4}	12.46469314048386	22.84220341054445	8.299457127263455	12.154023596876822
154	6.0	{'gamma': 0.2, 'learning_rate': 0.01, 'max_depth': 6, 'n_estimators': 100, 'nthread': 4}	11.97588853697085	22.564238509150908	8.000832291005112	11.926239747743082
155	6.0	{'gamma': 0.2, 'learning_rate': 0.01, 'max_depth': 7, 'n_estimators': 100, 'nthread': 4}	11.524448991332862	22.275561437983168	7.724274288829013	11.874246760583295
156	6.0	{'gamma': 0.2, 'learning_rate': 0.1, 'max_depth': 5, 'n_estimators': 100, 'nthread': 4}	7.111899146744182	17.450626968878186	4.700075525886353	10.223299778143861
157	6.0	{'gamma': 0.2, 'learning_rate': 0.1, 'max_depth': 6, 'n_estimators': 100, 'nthread': 4}	6.076270865150508	17.880003136469277	4.036654945798586	9.91801626856232
158	6.0	{'gamma': 0.2, 'learning_rate': 0.1, 'max_depth': 7, 'n_estimators': 100, 'nthread': 4}	5.01858397204409	17.450707119214577	3.3259489916005442	10.186013742132873
159	6.0	{'gamma': 0.2, 'learning_rate': 0.2, 'max_depth': 5, 'n_estimators': 100, 'nthread': 4}	6.081474133084013	18.290169777806238	4.010011463610819	10.38777207448398
160	6.0	{'gamma': 0.2, 'learning_rate': 0.2, 'max_depth': 6, 'n_estimators': 100, 'nthread': 4}	4.926494273393082	18.525155784448533	3.2465024079354365	10.182922210434207
161	6.0	{'gamma': 0.2, 'learning_rate': 0.2, 'max_depth': 7, 'n_estimators': 100, 'nthread': 4}	3.823971209470082	17.93260673576478	2.484135612966007	10.483111808513232
162	7.0	{'gamma': 0.0, 'learning_rate': 0.01, 'max_depth': 5, 'n_estimators': 100, 'nthread': 4}	12.674175031612325	21.34040219267959	8.246673447378397	23.474623856393997
163	7.0	{'gamma': 0.0, 'learning_rate': 0.01, 'max_depth': 6, 'n_estimators': 100, 'nthread': 4}	12.150372238516892	20.995371982574714	7.954413236011273	23.059801847219454
164	7.0	{'gamma': 0.0, 'learning_rate': 0.01, 'max_depth': 7, 'n_estimators': 100, 'nthread': 4}	11.680464234684926	20.90078909247878	7.680583029772425	22.996420399918563
165	7.0	{'gamma': 0.0, 'learning_rate': 0.1, 'max_depth': 5, 'n_estimators': 100, 'nthread': 4}	7.42226542013417	13.159946449282845	4.808169099871077	13.012740753331112
166	7.0	{'gamma': 0.0, 'learning_rate': 0.1, 'max_depth': 6, 'n_estimators': 100, 'nthread': 4}	6.175744880533446	14.466475799221845	4.049181445515411	14.658845855312554
167	7.0	{'gamma': 0.0, 'learning_rate': 0.1, 'max_depth': 7, 'n_estimators': 100, 'nthread': 4}	5.1111645255490705	14.34368587399572	3.3308468687886132	14.413012376076445
168	7.0	{'gamma': 0.0, 'learning_rate': 0.2, 'max_depth': 5, 'n_estimators': 100, 'nthread': 4}	6.213354274344947	12.899103004821885	4.027789086636227	12.431154700778047
169	7.0	{'gamma': 0.0, 'learning_rate': 0.2, 'max_depth': 6, 'n_estimators': 100, 'nthread': 4}	5.03874084722226	13.775403301518152	3.258778135178708	13.480271583887413
170	7.0	{'gamma': 0.0, 'learning_rate': 0.2, 'max_depth': 7, 'n_estimators': 100, 'nthread': 4}	4.001189993574773	13.954754616289856	2.5724325063258937	13.742787734328576
171	7.0	{'gamma': 0.1, 'learning_rate': 0.01, 'max_depth': 5, 'n_estimators': 100, 'nthread': 4}	12.674175031612325	21.34040219267959	8.246673447378397	23.474623856393997
172	7.0	{'gamma': 0.1, 'learning_rate': 0.01, 'max_depth': 6, 'n_estimators': 100, 'nthread': 4}	12.150372238516892	20.995371982574714	7.954413236011273	23.059801847219454
173	7.0	{'gamma': 0.1, 'learning_rate': 0.01, 'max_depth': 7, 'n_estimators': 100, 'nthread': 4}	11.680464234684926	20.90078909247878	7.680583029772425	22.996420399918563
174	7.0	{'gamma': 0.1, 'learning_rate': 0.1, 'max_depth': 5, 'n_estimators': 100, 'nthread': 4}	7.42226542013417	13.159946449282845	4.808169099871077	13.012740753331112
175	7.0	{'gamma': 0.1, 'learning_rate': 0.1, 'max_depth': 6, 'n_estimators': 100, 'nthread': 4}	6.236411495860029	14.065454478120909	4.0793422202322835	14.05488615862541
176	7.0	{'gamma': 0.1, 'learning_rate': 0.1, 'max_depth': 7, 'n_estimators': 100, 'nthread': 4}	5.124537321577806	14.36929150613719	3.3345604250833305	14.443439268308838
177	7.0	{'gamma': 0.1, 'learning_rate': 0.2, 'max_depth': 5, 'n_estimators': 100, 'nthread': 4}	6.21335407511926	12.899102660822134	4.027788373477023	12.431154781091427
178	7.0	{'gamma': 0.1, 'learning_rate': 0.2, 'max_depth': 6, 'n_estimators': 100, 'nthread': 4}	5.031795165683554	14.184644414219619	3.2540601315040467	13.925528600329413
179	7.0	{'gamma': 0.1, 'learning_rate': 0.2, 'max_depth': 7, 'n_estimators': 100, 'nthread': 4}	3.9654727580053417	14.063120905182897	2.55726840698852	14.032452496445776
180	7.0	{'gamma': 0.2, 'learning_rate': 0.01, 'max_depth': 5, 'n_estimators': 100, 'nthread': 4}	12.674175031612325	21.34040219267959	8.246673447378397	23.474623856393997
181	7.0	{'gamma': 0.2, 'learning_rate': 0.01, 'max_depth': 6, 'n_estimators': 100, 'nthread': 4}	12.150372238516892	20.995371982574714	7.954413236011273	23.059801847219454
182	7.0	{'gamma': 0.2, 'learning_rate': 0.01, 'max_depth': 7, 'n_estimators': 100, 'nthread': 4}	11.680464234684926	20.90078909247878	7.680583029772425	22.996420399918563
183	7.0	{'gamma': 0.2, 'learning_rate': 0.1, 'max_depth': 5, 'n_estimators': 100, 'nthread': 4}	7.42226542013417	13.159946449282845	4.808169099871077	13.012740753331112
184	7.0	{'gamma': 0.2, 'learning_rate': 0.1, 'max_depth': 6, 'n_estimators': 100, 'nthread': 4}	6.236411659343043	14.065505096904129	4.079342089150294	14.055005919671062
185	7.0	{'gamma': 0.2, 'learning_rate': 0.1, 'max_depth': 7, 'n_estimators': 100, 'nthread': 4}	5.13798667367223	14.494601624989594	3.3430589017714194	14.635373604740048
186	7.0	{'gamma': 0.2, 'learning_rate': 0.2, 'max_depth': 5, 'n_estimators': 100, 'nthread': 4}	6.213353868619927	12.899079946625408	4.027763321758756	12.431123144780614
187	7.0	{'gamma': 0.2, 'learning_rate': 0.2, 'max_depth': 6, 'n_estimators': 100, 'nthread': 4}	4.953540824610733	14.165667278632778	3.2132386958469006	14.088262407139235
188	7.0	{'gamma': 0.2, 'learning_rate': 0.2, 'max_depth': 7, 'n_estimators': 100, 'nthread': 4}	4.000881210263166	13.669150989586782	2.5668999191295128	13.687040474691251
189	8.0	{'gamma': 0.0, 'learning_rate': 0.01, 'max_depth': 5, 'n_estimators': 100, 'nthread': 4}	12.921681662619394	9.38139278600922	8.538931446542742	6.097826184843173
190	8.0	{'gamma': 0.0, 'learning_rate': 0.01, 'max_depth': 6, 'n_estimators': 100, 'nthread': 4}	12.403074047772925	9.222709779650089	8.240309425360321	5.866748016772448
191	8.0	{'gamma': 0.0, 'learning_rate': 0.01, 'max_depth': 7, 'n_estimators': 100, 'nthread': 4}	11.898573929112043	9.180664902896686	7.942954383046848	5.797636961141355
192	8.0	{'gamma': 0.0, 'learning_rate': 0.1, 'max_depth': 5, 'n_estimators': 100, 'nthread': 4}	7.415166629838797	8.710524844222032	4.830987445458646	5.820622119884958
193	8.0	{'gamma': 0.0, 'learning_rate': 0.1, 'max_depth': 6, 'n_estimators': 100, 'nthread': 4}	6.222821327649563	8.70321022889997	4.089275432634467	5.703607746925889
194	8.0	{'gamma': 0.0, 'learning_rate': 0.1, 'max_depth': 7, 'n_estimators': 100, 'nthread': 4}	5.123566040516082	8.885482781147463	3.3646839608563823	5.651259889676658
195	8.0	{'gamma': 0.0, 'learning_rate': 0.2, 'max_depth': 5, 'n_estimators': 100, 'nthread': 4}	6.172144975623862	9.059490062099808	4.0289311722660655	5.8883087286252405
196	8.0	{'gamma': 0.0, 'learning_rate': 0.2, 'max_depth': 6, 'n_estimators': 100, 'nthread': 4}	5.066684787358844	9.042818801108943	3.287433877076129	5.902973012696103
197	8.0	{'gamma': 0.0, 'learning_rate': 0.2, 'max_depth': 7, 'n_estimators': 100, 'nthread': 4}	3.9322245868450003	9.122381813838116	2.537833189299737	5.8472570657998
198	8.0	{'gamma': 0.1, 'learning_rate': 0.01, 'max_depth': 5, 'n_estimators': 100, 'nthread': 4}	12.921681662619394	9.38139278600922	8.538931446542742	6.097826184843173
199	8.0	{'gamma': 0.1, 'learning_rate': 0.01, 'max_depth': 6, 'n_estimators': 100, 'nthread': 4}	12.403074047772925	9.222709779650089	8.240309425360321	5.866748016772448
200	8.0	{'gamma': 0.1, 'learning_rate': 0.01, 'max_depth': 7, 'n_estimators': 100, 'nthread': 4}	11.898573929112043	9.180664902896686	7.942954383046848	5.797636961141355
201	8.0	{'gamma': 0.1, 'learning_rate': 0.1, 'max_depth': 5, 'n_estimators': 100, 'nthread': 4}	7.415166629838797	8.710524844222032	4.830987445458646	5.820622119884958
202	8.0	{'gamma': 0.1, 'learning_rate': 0.1, 'max_depth': 6, 'n_estimators': 100, 'nthread': 4}	6.2228252095793035	8.703206843998883	4.089257947316419	5.703605614287284
203	8.0	{'gamma': 0.1, 'learning_rate': 0.1, 'max_depth': 7, 'n_estimators': 100, 'nthread': 4}	5.123567714788503	8.885539638322848	3.364691373081014	5.651347900964978
204	8.0	{'gamma': 0.1, 'learning_rate': 0.2, 'max_depth': 5, 'n_estimators': 100, 'nthread': 4}	6.172145718264175	9.059490765991667	4.028921848984927	5.8883109843633505
205	8.0	{'gamma': 0.1, 'learning_rate': 0.2, 'max_depth': 6, 'n_estimators': 100, 'nthread': 4}	5.067350533379266	9.033191162263881	3.2966887054601255	5.890992075527858
206	8.0	{'gamma': 0.1, 'learning_rate': 0.2, 'max_depth': 7, 'n_estimators': 100, 'nthread': 4}	3.9203754721626787	9.224301130304237	2.52926085222203	5.883911091097591
207	8.0	{'gamma': 0.2, 'learning_rate': 0.01, 'max_depth': 5, 'n_estimators': 100, 'nthread': 4}	12.921681662619394	9.38139278600922	8.538931446542742	6.097826184843173
208	8.0	{'gamma': 0.2, 'learning_rate': 0.01, 'max_depth': 6, 'n_estimators': 100, 'nthread': 4}	12.403074047772925	9.222709779650089	8.240309425360321	5.866748016772448
209	8.0	{'gamma': 0.2, 'learning_rate': 0.01, 'max_depth': 7, 'n_estimators': 100, 'nthread': 4}	11.898573929112043	9.180664902896686	7.942954383046848	5.797636961141355
210	8.0	{'gamma': 0.2, 'learning_rate': 0.1, 'max_depth': 5, 'n_estimators': 100, 'nthread': 4}	7.402636707419156	8.785477753652522	4.831444729311054	5.854894565073545
211	8.0	{'gamma': 0.2, 'learning_rate': 0.1, 'max_depth': 6, 'n_estimators': 100, 'nthread': 4}	6.222825466179844	8.703122468275646	4.089262369267761	5.7034653792343075
212	8.0	{'gamma': 0.2, 'learning_rate': 0.1, 'max_depth': 7, 'n_estimators': 100, 'nthread': 4}	5.1929817490695225	8.910424325126217	3.422241342978201	5.693745309970446
213	8.0	{'gamma': 0.2, 'learning_rate': 0.2, 'max_depth': 5, 'n_estimators': 100, 'nthread': 4}	6.195601720327	9.027666648963221	4.037653369577536	5.86899584814597
214	8.0	{'gamma': 0.2, 'learning_rate': 0.2, 'max_depth': 6, 'n_estimators': 100, 'nthread': 4}	5.06668114780581	9.043009773128007	3.287401507063101	5.903091751863269
215	8.0	{'gamma': 0.2, 'learning_rate': 0.2, 'max_depth': 7, 'n_estimators': 100, 'nthread': 4}	3.9030472627184443	9.202604932328256	2.5332845789764606	5.912245285292374
216	9.0	{'gamma': 0.0, 'learning_rate': 0.01, 'max_depth': 5, 'n_estimators': 100, 'nthread': 4}	12.694051529772866	17.480008291034977	8.418913200656274	9.145268279382513
217	9.0	{'gamma': 0.0, 'learning_rate': 0.01, 'max_depth': 6, 'n_estimators': 100, 'nthread': 4}	12.184802122734427	17.414705662571563	8.129124602045321	9.146334333823933
218	9.0	{'gamma': 0.0, 'learning_rate': 0.01, 'max_depth': 7, 'n_estimators': 100, 'nthread': 4}	11.7042873519682	17.7212080673374	7.829715188638053	9.225696962207639
219	9.0	{'gamma': 0.0, 'learning_rate': 0.1, 'max_depth': 5, 'n_estimators': 100, 'nthread': 4}	7.229122179256357	13.62285685745668	4.763978309480358	7.901547433291943
220	9.0	{'gamma': 0.0, 'learning_rate': 0.1, 'max_depth': 6, 'n_estimators': 100, 'nthread': 4}	6.1546526874838845	14.074125834340458	4.083527352549459	8.204827296186238
221	9.0	{'gamma': 0.0, 'learning_rate': 0.1, 'max_depth': 7, 'n_estimators': 100, 'nthread': 4}	5.122139469885293	13.700689349532553	3.3883874221932455	7.785915718123375
222	9.0	{'gamma': 0.0, 'learning_rate': 0.2, 'max_depth': 5, 'n_estimators': 100, 'nthread': 4}	6.146719305223822	14.311467352580486	4.027535110667192	8.317489140143655
223	9.0	{'gamma': 0.0, 'learning_rate': 0.2, 'max_depth': 6, 'n_estimators': 100, 'nthread': 4}	4.926510454499269	14.042058920450632	3.227422312871974	8.121304993605001
224	9.0	{'gamma': 0.0, 'learning_rate': 0.2, 'max_depth': 7, 'n_estimators': 100, 'nthread': 4}	3.9178440813467668	14.486040936977242	2.5366692624570772	8.175566769883194
225	9.0	{'gamma': 0.1, 'learning_rate': 0.01, 'max_depth': 5, 'n_estimators': 100, 'nthread': 4}	12.694051529772866	17.480008291034977	8.418913200656274	9.145268279382513
226	9.0	{'gamma': 0.1, 'learning_rate': 0.01, 'max_depth': 6, 'n_estimators': 100, 'nthread': 4}	12.184802122734427	17.414705662571563	8.129124602045321	9.146334333823933
227	9.0	{'gamma': 0.1, 'learning_rate': 0.01, 'max_depth': 7, 'n_estimators': 100, 'nthread': 4}	11.704279136202961	17.72107375465555	7.829713297772628	9.225424999649508
228	9.0	{'gamma': 0.1, 'learning_rate': 0.1, 'max_depth': 5, 'n_estimators': 100, 'nthread': 4}	7.229122179256357	13.62285685745668	4.763978309480358	7.901547433291943
229	9.0	{'gamma': 0.1, 'learning_rate': 0.1, 'max_depth': 6, 'n_estimators': 100, 'nthread': 4}	6.15465238141399	14.074444965798032	4.083508302189184	8.205024251724234
230	9.0	{'gamma': 0.1, 'learning_rate': 0.1, 'max_depth': 7, 'n_estimators': 100, 'nthread': 4}	5.122139348027317	13.700686503557002	3.388379252359227	7.785916054868977
231	9.0	{'gamma': 0.1, 'learning_rate': 0.2, 'max_depth': 5, 'n_estimators': 100, 'nthread': 4}	6.134305701299928	14.421062791332458	4.022868152412559	8.367160107355952
232	9.0	{'gamma': 0.1, 'learning_rate': 0.2, 'max_depth': 6, 'n_estimators': 100, 'nthread': 4}	5.02374383307197	13.673001478249683	3.2835963188624904	7.8276052374579494
233	9.0	{'gamma': 0.1, 'learning_rate': 0.2, 'max_depth': 7, 'n_estimators': 100, 'nthread': 4}	3.964006613676007	14.63820886172634	2.571661814717747	8.155103007765954
234	9.0	{'gamma': 0.2, 'learning_rate': 0.01, 'max_depth': 5, 'n_estimators': 100, 'nthread': 4}	12.694051529772866	17.480008291034977	8.418913200656274	9.145268279382513
235	9.0	{'gamma': 0.2, 'learning_rate': 0.01, 'max_depth': 6, 'n_estimators': 100, 'nthread': 4}	12.184802122734427	17.414705662571563	8.129124602045321	9.146334333823933
236	9.0	{'gamma': 0.2, 'learning_rate': 0.01, 'max_depth': 7, 'n_estimators': 100, 'nthread': 4}	11.704279136202961	17.72107375465555	7.829713297772628	9.225424999649508
237	9.0	{'gamma': 0.2, 'learning_rate': 0.1, 'max_depth': 5, 'n_estimators': 100, 'nthread': 4}	7.229122179256357	13.62285685745668	4.763978309480358	7.901547433291943
238	9.0	{'gamma': 0.2, 'learning_rate': 0.1, 'max_depth': 6, 'n_estimators': 100, 'nthread': 4}	6.081639834191669	14.021224748066315	4.037669259469305	8.09852315926684
239	9.0	{'gamma': 0.2, 'learning_rate': 0.1, 'max_depth': 7, 'n_estimators': 100, 'nthread': 4}	5.103727622124659	13.79568048214364	3.382650502493439	7.8499893926154645
240	9.0	{'gamma': 0.2, 'learning_rate': 0.2, 'max_depth': 5, 'n_estimators': 100, 'nthread': 4}	6.134305701299928	14.421062791332458	4.022868152412559	8.367160107355952
241	9.0	{'gamma': 0.2, 'learning_rate': 0.2, 'max_depth': 6, 'n_estimators': 100, 'nthread': 4}	4.955998328681981	14.04794947841028	3.252838810725352	8.121801660719964
242	9.0	{'gamma': 0.2, 'learning_rate': 0.2, 'max_depth': 7, 'n_estimators': 100, 'nthread': 4}	3.93818334613564	14.694446481610267	2.5575087906693095	8.206581493970697
243	10.0	{'gamma': 0.0, 'learning_rate': 0.01, 'max_depth': 5, 'n_estimators': 100, 'nthread': 4}	12.59252759241483	21.444851466033093	8.357927358833827	14.062455968390037
244	10.0	{'gamma': 0.0, 'learning_rate': 0.01, 'max_depth': 6, 'n_estimators': 100, 'nthread': 4}	12.094067487361997	22.267861887595622	8.07969231348498	15.183498793725017
245	10.0	{'gamma': 0.0, 'learning_rate': 0.01, 'max_depth': 7, 'n_estimators': 100, 'nthread': 4}	11.595021486910891	22.697771499694145	7.786942436887428	15.452254907293609
246	10.0	{'gamma': 0.0, 'learning_rate': 0.1, 'max_depth': 5, 'n_estimators': 100, 'nthread': 4}	7.340644405536216	16.859867101847044	4.797444561530724	11.166991687571725
247	10.0	{'gamma': 0.0, 'learning_rate': 0.1, 'max_depth': 6, 'n_estimators': 100, 'nthread': 4}	6.1645613432218616	18.50624139580527	4.072303943309824	13.149161814585463
248	10.0	{'gamma': 0.0, 'learning_rate': 0.1, 'max_depth': 7, 'n_estimators': 100, 'nthread': 4}	5.164201735782574	18.82337656913347	3.3870495996922205	13.25197375194266
249	10.0	{'gamma': 0.0, 'learning_rate': 0.2, 'max_depth': 5, 'n_estimators': 100, 'nthread': 4}	6.200078497959993	16.855493744243322	4.0677670453040955	10.972302285106712
250	10.0	{'gamma': 0.0, 'learning_rate': 0.2, 'max_depth': 6, 'n_estimators': 100, 'nthread': 4}	5.086453720957734	18.5609260129489	3.315387260808822	12.815159741677043
251	10.0	{'gamma': 0.0, 'learning_rate': 0.2, 'max_depth': 7, 'n_estimators': 100, 'nthread': 4}	4.000463123156882	19.059842201457897	2.5878394721535263	13.037496430857711
252	10.0	{'gamma': 0.1, 'learning_rate': 0.01, 'max_depth': 5, 'n_estimators': 100, 'nthread': 4}	12.59252759241483	21.444851466033093	8.357927358833827	14.062455968390037
253	10.0	{'gamma': 0.1, 'learning_rate': 0.01, 'max_depth': 6, 'n_estimators': 100, 'nthread': 4}	12.094067487361997	22.267861887595622	8.07969231348498	15.183498793725017
254	10.0	{'gamma': 0.1, 'learning_rate': 0.01, 'max_depth': 7, 'n_estimators': 100, 'nthread': 4}	11.595021486910891	22.697771499694145	7.786942436887428	15.452254907293609
255	10.0	{'gamma': 0.1, 'learning_rate': 0.1, 'max_depth': 5, 'n_estimators': 100, 'nthread': 4}	7.340644113529111	16.859890941080728	4.797446609953929	11.167032472139486
256	10.0	{'gamma': 0.1, 'learning_rate': 0.1, 'max_depth': 6, 'n_estimators': 100, 'nthread': 4}	6.174294539010589	18.212458227339617	4.080582481103257	12.731622348379288
257	10.0	{'gamma': 0.1, 'learning_rate': 0.1, 'max_depth': 7, 'n_estimators': 100, 'nthread': 4}	5.142252563917545	18.8551471224085	3.3792781627375534	13.262294576182548
258	10.0	{'gamma': 0.1, 'learning_rate': 0.2, 'max_depth': 5, 'n_estimators': 100, 'nthread': 4}	6.2000778617202394	16.855492303742036	4.067762129154824	10.972301573221394
259	10.0	{'gamma': 0.1, 'learning_rate': 0.2, 'max_depth': 6, 'n_estimators': 100, 'nthread': 4}	5.088164025294394	18.755131931439195	3.3218864547591287	13.124954459317664
260	10.0	{'gamma': 0.1, 'learning_rate': 0.2, 'max_depth': 7, 'n_estimators': 100, 'nthread': 4}	3.9823767930209466	18.88229030680549	2.5713264216603804	12.811813599468996
261	10.0	{'gamma': 0.2, 'learning_rate': 0.01, 'max_depth': 5, 'n_estimators': 100, 'nthread': 4}	12.59252759241483	21.444851466033093	8.357927358833827	14.062455968390037
262	10.0	{'gamma': 0.2, 'learning_rate': 0.01, 'max_depth': 6, 'n_estimators': 100, 'nthread': 4}	12.094067487361997	22.267861887595622	8.07969231348498	15.183498793725017
263	10.0	{'gamma': 0.2, 'learning_rate': 0.01, 'max_depth': 7, 'n_estimators': 100, 'nthread': 4}	11.595021502707072	22.697771499694145	7.78694179677782	15.452254907293609
264	10.0	{'gamma': 0.2, 'learning_rate': 0.1, 'max_depth': 5, 'n_estimators': 100, 'nthread': 4}	7.340644169684185	16.859890941080728	4.797447627257085	11.167032472139486
265	10.0	{'gamma': 0.2, 'learning_rate': 0.1, 'max_depth': 6, 'n_estimators': 100, 'nthread': 4}	6.174290994190952	18.21268787181973	4.080570401010158	12.732040176496332
266	10.0	{'gamma': 0.2, 'learning_rate': 0.1, 'max_depth': 7, 'n_estimators': 100, 'nthread': 4}	5.142255227558401	18.85515555694025	3.379274437961683	13.262255366814868
267	10.0	{'gamma': 0.2, 'learning_rate': 0.2, 'max_depth': 5, 'n_estimators': 100, 'nthread': 4}	6.2000778617202394	16.855492303742036	4.067762129154824	10.972301573221394
268	10.0	{'gamma': 0.2, 'learning_rate': 0.2, 'max_depth': 6, 'n_estimators': 100, 'nthread': 4}	5.01635393483001	18.513979236289845	3.26487654289132	12.703579680473087
269	10.0	{'gamma': 0.2, 'learning_rate': 0.2, 'max_depth': 7, 'n_estimators': 100, 'nthread': 4}	4.019911258456344	18.550324802524102	2.595852472670972	12.476344789046374
270	11.0	{'gamma': 0.0, 'learning_rate': 0.01, 'max_depth': 5, 'n_estimators': 100, 'nthread': 4}	12.69793034156643	15.65070115118069	8.392318581282527	9.126547876911992
271	11.0	{'gamma': 0.0, 'learning_rate': 0.01, 'max_depth': 6, 'n_estimators': 100, 'nthread': 4}	12.197756999600932	16.024268528089834	8.103298363805864	9.22894455632263
272	11.0	{'gamma': 0.0, 'learning_rate': 0.01, 'max_depth': 7, 'n_estimators': 100, 'nthread': 4}	11.685665469375525	16.189219900277603	7.793440464107445	9.333089490234702
273	11.0	{'gamma': 0.0, 'learning_rate': 0.1, 'max_depth': 5, 'n_estimators': 100, 'nthread': 4}	7.252747606456755	12.78511109975372	4.767390153223442	7.586924859051214
274	11.0	{'gamma': 0.0, 'learning_rate': 0.1, 'max_depth': 6, 'n_estimators': 100, 'nthread': 4}	6.191368601571116	13.062629067409395	4.093416026746353	7.656616084040214
275	11.0	{'gamma': 0.0, 'learning_rate': 0.1, 'max_depth': 7, 'n_estimators': 100, 'nthread': 4}	5.068098759887892	13.27694865841004	3.360321271326833	7.6693199515954475
276	11.0	{'gamma': 0.0, 'learning_rate': 0.2, 'max_depth': 5, 'n_estimators': 100, 'nthread': 4}	6.1023747203473615	13.284669329249652	4.011503951073626	8.00601282169383
277	11.0	{'gamma': 0.0, 'learning_rate': 0.2, 'max_depth': 6, 'n_estimators': 100, 'nthread': 4}	4.918350284277429	14.264713991126895	3.2205539094396993	8.285871399731343
278	11.0	{'gamma': 0.0, 'learning_rate': 0.2, 'max_depth': 7, 'n_estimators': 100, 'nthread': 4}	3.872784260060496	13.845535945093141	2.5159886408679712	8.09485778503722
279	11.0	{'gamma': 0.1, 'learning_rate': 0.01, 'max_depth': 5, 'n_estimators': 100, 'nthread': 4}	12.69793034156643	15.65070115118069	8.392318581282527	9.126547876911992
280	11.0	{'gamma': 0.1, 'learning_rate': 0.01, 'max_depth': 6, 'n_estimators': 100, 'nthread': 4}	12.197756999600932	16.024268528089834	8.103298363805864	9.22894455632263
281	11.0	{'gamma': 0.1, 'learning_rate': 0.01, 'max_depth': 7, 'n_estimators': 100, 'nthread': 4}	11.685665469375525	16.189219900277603	7.793440464107445	9.333089490234702
282	11.0	{'gamma': 0.1, 'learning_rate': 0.1, 'max_depth': 5, 'n_estimators': 100, 'nthread': 4}	7.252747606456755	12.78511109975372	4.767390153223442	7.586924859051214
283	11.0	{'gamma': 0.1, 'learning_rate': 0.1, 'max_depth': 6, 'n_estimators': 100, 'nthread': 4}	6.191369026103398	13.062627299917388	4.09340978567013	7.656615243139915
284	11.0	{'gamma': 0.1, 'learning_rate': 0.1, 'max_depth': 7, 'n_estimators': 100, 'nthread': 4}	5.068101176613052	13.276952970785116	3.3603088878537792	7.669320435560426
285	11.0	{'gamma': 0.1, 'learning_rate': 0.2, 'max_depth': 5, 'n_estimators': 100, 'nthread': 4}	6.1023747203473615	13.284669329249652	4.011503951073626	8.00601282169383
286	11.0	{'gamma': 0.1, 'learning_rate': 0.2, 'max_depth': 6, 'n_estimators': 100, 'nthread': 4}	4.9183520696042	14.264721734603706	3.2205634282220363	8.285873763229883
287	11.0	{'gamma': 0.1, 'learning_rate': 0.2, 'max_depth': 7, 'n_estimators': 100, 'nthread': 4}	3.8947043868182316	14.060317014374988	2.531713811036664	8.284805297347054
288	11.0	{'gamma': 0.2, 'learning_rate': 0.01, 'max_depth': 5, 'n_estimators': 100, 'nthread': 4}	12.69793034156643	15.65070115118069	8.392318581282527	9.126547876911992
289	11.0	{'gamma': 0.2, 'learning_rate': 0.01, 'max_depth': 6, 'n_estimators': 100, 'nthread': 4}	12.197756999600932	16.024268528089834	8.103298363805864	9.22894455632263
290	11.0	{'gamma': 0.2, 'learning_rate': 0.01, 'max_depth': 7, 'n_estimators': 100, 'nthread': 4}	11.685665469375525	16.189219900277603	7.793440464107445	9.333089490234702
291	11.0	{'gamma': 0.2, 'learning_rate': 0.1, 'max_depth': 5, 'n_estimators': 100, 'nthread': 4}	7.25274788548142	12.78511088962598	4.767388542437336	7.5869247290525355
292	11.0	{'gamma': 0.2, 'learning_rate': 0.1, 'max_depth': 6, 'n_estimators': 100, 'nthread': 4}	6.191368463622276	13.062626364880343	4.093403270429836	7.656614792956152
293	11.0	{'gamma': 0.2, 'learning_rate': 0.1, 'max_depth': 7, 'n_estimators': 100, 'nthread': 4}	5.102266905999705	13.286668722226397	3.371862929646137	7.674488635936422
294	11.0	{'gamma': 0.2, 'learning_rate': 0.2, 'max_depth': 5, 'n_estimators': 100, 'nthread': 4}	6.1023747203473615	13.284669329249652	4.011503951073626	8.00601282169383
295	11.0	{'gamma': 0.2, 'learning_rate': 0.2, 'max_depth': 6, 'n_estimators': 100, 'nthread': 4}	4.893248198338996	13.9983761426633	3.20434233875398	8.145609961821792
296	11.0	{'gamma': 0.2, 'learning_rate': 0.2, 'max_depth': 7, 'n_estimators': 100, 'nthread': 4}	3.912051265388517	13.977723759762725	2.5293245701712834	8.210923774470636
297	12.0	{'gamma': 0.0, 'learning_rate': 0.01, 'max_depth': 5, 'n_estimators': 100, 'nthread': 4}	12.854782455604132	9.97760173005327	8.521319225230787	5.34604122498598
298	12.0	{'gamma': 0.0, 'learning_rate': 0.01, 'max_depth': 6, 'n_estimators': 100, 'nthread': 4}	12.339118149789153	10.126251906107806	8.213360727260843	5.467430299210262
299	12.0	{'gamma': 0.0, 'learning_rate': 0.01, 'max_depth': 7, 'n_estimators': 100, 'nthread': 4}	11.826716089637653	10.431480199441996	7.911418653240089	5.695917117519208
300	12.0	{'gamma': 0.0, 'learning_rate': 0.1, 'max_depth': 5, 'n_estimators': 100, 'nthread': 4}	7.311952246968251	9.577236853105168	4.790824279933761	5.854841528465618
301	12.0	{'gamma': 0.0, 'learning_rate': 0.1, 'max_depth': 6, 'n_estimators': 100, 'nthread': 4}	6.206547857480708	9.455656718854026	4.114894271122838	5.696892451956223
302	12.0	{'gamma': 0.0, 'learning_rate': 0.1, 'max_depth': 7, 'n_estimators': 100, 'nthread': 4}	5.072650209489816	9.524257485059247	3.349703740678953	5.7469593305977895
303	12.0	{'gamma': 0.0, 'learning_rate': 0.2, 'max_depth': 5, 'n_estimators': 100, 'nthread': 4}	6.124713601215188	10.278715761358246	4.016829609429262	6.308596122312419
304	12.0	{'gamma': 0.0, 'learning_rate': 0.2, 'max_depth': 6, 'n_estimators': 100, 'nthread': 4}	4.976658662805861	10.065542563622726	3.2517333713198044	6.289819364094913
305	12.0	{'gamma': 0.0, 'learning_rate': 0.2, 'max_depth': 7, 'n_estimators': 100, 'nthread': 4}	3.9123833294423767	9.737789071095849	2.5363783383279497	6.048450896282369
306	12.0	{'gamma': 0.1, 'learning_rate': 0.01, 'max_depth': 5, 'n_estimators': 100, 'nthread': 4}	12.854782455604132	9.97760173005327	8.521319225230787	5.34604122498598
307	12.0	{'gamma': 0.1, 'learning_rate': 0.01, 'max_depth': 6, 'n_estimators': 100, 'nthread': 4}	12.339118149789153	10.126251906107806	8.213360727260843	5.467430299210262
308	12.0	{'gamma': 0.1, 'learning_rate': 0.01, 'max_depth': 7, 'n_estimators': 100, 'nthread': 4}	11.826716103596429	10.431480121157763	7.9114186859086475	5.695917098034077
309	12.0	{'gamma': 0.1, 'learning_rate': 0.1, 'max_depth': 5, 'n_estimators': 100, 'nthread': 4}	7.311952246968251	9.577236853105168	4.790824279933761	5.854841528465618
310	12.0	{'gamma': 0.1, 'learning_rate': 0.1, 'max_depth': 6, 'n_estimators': 100, 'nthread': 4}	6.20857623817896	9.284687277157646	4.120472939115158	5.551775823914365
311	12.0	{'gamma': 0.1, 'learning_rate': 0.1, 'max_depth': 7, 'n_estimators': 100, 'nthread': 4}	5.077127919244492	9.536470962203925	3.352412502077061	5.746978191391911
312	12.0	{'gamma': 0.1, 'learning_rate': 0.2, 'max_depth': 5, 'n_estimators': 100, 'nthread': 4}	6.124713830655181	10.27871917452215	4.016830546478051	6.308596921948335
313	12.0	{'gamma': 0.1, 'learning_rate': 0.2, 'max_depth': 6, 'n_estimators': 100, 'nthread': 4}	4.976669418473832	10.065448358685309	3.25170975820167	6.289659743933247
314	12.0	{'gamma': 0.1, 'learning_rate': 0.2, 'max_depth': 7, 'n_estimators': 100, 'nthread': 4}	3.896856908736914	9.69646414078104	2.5393376748583028	6.0135586176357725
315	12.0	{'gamma': 0.2, 'learning_rate': 0.01, 'max_depth': 5, 'n_estimators': 100, 'nthread': 4}	12.854782455604132	9.97760173005327	8.521319225230787	5.34604122498598
316	12.0	{'gamma': 0.2, 'learning_rate': 0.01, 'max_depth': 6, 'n_estimators': 100, 'nthread': 4}	12.339118149789153	10.126251906107806	8.213360727260843	5.467430299210262
317	12.0	{'gamma': 0.2, 'learning_rate': 0.01, 'max_depth': 7, 'n_estimators': 100, 'nthread': 4}	11.826716103596429	10.431480121157763	7.9114186859086475	5.695917098034077
318	12.0	{'gamma': 0.2, 'learning_rate': 0.1, 'max_depth': 5, 'n_estimators': 100, 'nthread': 4}	7.311952722376583	9.577237774015734	4.790825725536298	5.854842920286759
319	12.0	{'gamma': 0.2, 'learning_rate': 0.1, 'max_depth': 6, 'n_estimators': 100, 'nthread': 4}	6.146655359356377	9.394391676463103	4.076917437781261	5.695571088784203
320	12.0	{'gamma': 0.2, 'learning_rate': 0.1, 'max_depth': 7, 'n_estimators': 100, 'nthread': 4}	5.0771293592470785	9.536472303645224	3.3524118533931806	5.746979579994952
321	12.0	{'gamma': 0.2, 'learning_rate': 0.2, 'max_depth': 5, 'n_estimators': 100, 'nthread': 4}	6.124713830655181	10.27871917452215	4.016830546478051	6.308596921948335
322	12.0	{'gamma': 0.2, 'learning_rate': 0.2, 'max_depth': 6, 'n_estimators': 100, 'nthread': 4}	4.976679142773811	10.065453180939704	3.251692840000784	6.289661119858854
323	12.0	{'gamma': 0.2, 'learning_rate': 0.2, 'max_depth': 7, 'n_estimators': 100, 'nthread': 4}	3.8729599799582015	9.841059964134189	2.5282527778467703	6.094238368995931
324	13.0	{'gamma': 0.0, 'learning_rate': 0.01, 'max_depth': 5, 'n_estimators': 100, 'nthread': 4}	12.687705472091215	17.474215847035733	8.435102648328927	8.136108475943828
325	13.0	{'gamma': 0.0, 'learning_rate': 0.01, 'max_depth': 6, 'n_estimators': 100, 'nthread': 4}	12.1801122805279	17.93099129203533	8.136117226703748	8.315201272566663
326	13.0	{'gamma': 0.0, 'learning_rate': 0.01, 'max_depth': 7, 'n_estimators': 100, 'nthread': 4}	11.697418624238294	17.879160589824977	7.842246628025953	8.203297922656809
327	13.0	{'gamma': 0.0, 'learning_rate': 0.1, 'max_depth': 5, 'n_estimators': 100, 'nthread': 4}	7.379590880834468	13.615574929178816	4.861025006597333	7.1497556633674755
328	13.0	{'gamma': 0.0, 'learning_rate': 0.1, 'max_depth': 6, 'n_estimators': 100, 'nthread': 4}	6.243023957090574	13.172519272265045	4.133836349904339	6.873980924581789
329	13.0	{'gamma': 0.0, 'learning_rate': 0.1, 'max_depth': 7, 'n_estimators': 100, 'nthread': 4}	5.080549984396742	13.469127594553644	3.3538678926835965	7.156993061698204
330	13.0	{'gamma': 0.0, 'learning_rate': 0.2, 'max_depth': 5, 'n_estimators': 100, 'nthread': 4}	6.124105260421739	13.57357056899277	4.022662268707117	7.269869103202097
331	13.0	{'gamma': 0.0, 'learning_rate': 0.2, 'max_depth': 6, 'n_estimators': 100, 'nthread': 4}	5.072775517625445	13.63353825584214	3.330852440230072	7.194597159087398
332	13.0	{'gamma': 0.0, 'learning_rate': 0.2, 'max_depth': 7, 'n_estimators': 100, 'nthread': 4}	3.888814206051471	13.40038080987721	2.5307043664723308	7.222658948809644
333	13.0	{'gamma': 0.1, 'learning_rate': 0.01, 'max_depth': 5, 'n_estimators': 100, 'nthread': 4}	12.687705472091215	17.474215847035733	8.435102648328927	8.136108475943828
334	13.0	{'gamma': 0.1, 'learning_rate': 0.01, 'max_depth': 6, 'n_estimators': 100, 'nthread': 4}	12.1801122805279	17.93099129203533	8.136117226703748	8.315201272566663
335	13.0	{'gamma': 0.1, 'learning_rate': 0.01, 'max_depth': 7, 'n_estimators': 100, 'nthread': 4}	11.697418896812193	17.879161609271087	7.842246065550956	8.203299034278444
336	13.0	{'gamma': 0.1, 'learning_rate': 0.1, 'max_depth': 5, 'n_estimators': 100, 'nthread': 4}	7.379590880834468	13.615574929178816	4.861025006597333	7.1497556633674755
337	13.0	{'gamma': 0.1, 'learning_rate': 0.1, 'max_depth': 6, 'n_estimators': 100, 'nthread': 4}	6.243024916809199	13.17251903581065	4.133834482084066	6.873981081150374
338	13.0	{'gamma': 0.1, 'learning_rate': 0.1, 'max_depth': 7, 'n_estimators': 100, 'nthread': 4}	5.072618381884946	13.395033982653882	3.356282827148189	7.077168781533666
339	13.0	{'gamma': 0.1, 'learning_rate': 0.2, 'max_depth': 5, 'n_estimators': 100, 'nthread': 4}	6.124105260421739	13.57357056899277	4.022662268707117	7.269869103202097
340	13.0	{'gamma': 0.1, 'learning_rate': 0.2, 'max_depth': 6, 'n_estimators': 100, 'nthread': 4}	5.07276780304191	13.633558128981504	3.330814625257808	7.194619260023007
341	13.0	{'gamma': 0.1, 'learning_rate': 0.2, 'max_depth': 7, 'n_estimators': 100, 'nthread': 4}	3.9035178157703667	13.366315930409492	2.5319195291566206	7.189773216855685
342	13.0	{'gamma': 0.2, 'learning_rate': 0.01, 'max_depth': 5, 'n_estimators': 100, 'nthread': 4}	12.687705472091215	17.474215847035733	8.435102648328927	8.136108475943828
343	13.0	{'gamma': 0.2, 'learning_rate': 0.01, 'max_depth': 6, 'n_estimators': 100, 'nthread': 4}	12.1801122805279	17.93099129203533	8.136117226703748	8.315201272566663
344	13.0	{'gamma': 0.2, 'learning_rate': 0.01, 'max_depth': 7, 'n_estimators': 100, 'nthread': 4}	11.697418897356249	17.879161609271087	7.842246065123377	8.203299034278444
345	13.0	{'gamma': 0.2, 'learning_rate': 0.1, 'max_depth': 5, 'n_estimators': 100, 'nthread': 4}	7.379590880834468	13.615574929178816	4.861025006597333	7.1497556633674755
346	13.0	{'gamma': 0.2, 'learning_rate': 0.1, 'max_depth': 6, 'n_estimators': 100, 'nthread': 4}	6.242953186957759	13.172502935799185	4.133725222300266	6.8739801316154985
347	13.0	{'gamma': 0.2, 'learning_rate': 0.1, 'max_depth': 7, 'n_estimators': 100, 'nthread': 4}	5.0892005673915675	13.467966815554938	3.3661871870769913	7.118389844937122
348	13.0	{'gamma': 0.2, 'learning_rate': 0.2, 'max_depth': 5, 'n_estimators': 100, 'nthread': 4}	6.124105260421739	13.57357056899277	4.022662268707117	7.269869103202097
349	13.0	{'gamma': 0.2, 'learning_rate': 0.2, 'max_depth': 6, 'n_estimators': 100, 'nthread': 4}	5.035376456094775	13.6991979057778	3.3059137766589237	7.155441795590217
350	13.0	{'gamma': 0.2, 'learning_rate': 0.2, 'max_depth': 7, 'n_estimators': 100, 'nthread': 4}	3.903523467963333	13.366380333835913	2.5318781299721613	7.1896926657695035
351	14.0	{'gamma': 0.0, 'learning_rate': 0.01, 'max_depth': 5, 'n_estimators': 100, 'nthread': 4}	12.797081201466183	13.670889734864037	8.448874465243433	8.267977850107105
352	14.0	{'gamma': 0.0, 'learning_rate': 0.01, 'max_depth': 6, 'n_estimators': 100, 'nthread': 4}	12.289420122245604	13.463155656884977	8.15545970370845	8.160794800491626
353	14.0	{'gamma': 0.0, 'learning_rate': 0.01, 'max_depth': 7, 'n_estimators': 100, 'nthread': 4}	11.779857525558809	13.591386535129894	7.8575520143805475	8.236824771892673
354	14.0	{'gamma': 0.0, 'learning_rate': 0.1, 'max_depth': 5, 'n_estimators': 100, 'nthread': 4}	7.344201643671989	11.011781406569044	4.836527630619861	6.99598047089543
355	14.0	{'gamma': 0.0, 'learning_rate': 0.1, 'max_depth': 6, 'n_estimators': 100, 'nthread': 4}	6.206967095223856	11.143033592061718	4.089025761297639	7.084060700259566
356	14.0	{'gamma': 0.0, 'learning_rate': 0.1, 'max_depth': 7, 'n_estimators': 100, 'nthread': 4}	5.17729353566698	11.287212264898178	3.4149493061286966	7.16277238581463
357	14.0	{'gamma': 0.0, 'learning_rate': 0.2, 'max_depth': 5, 'n_estimators': 100, 'nthread': 4}	6.149364068413769	11.35344127718735	4.0194339079891135	7.30061789105597
358	14.0	{'gamma': 0.0, 'learning_rate': 0.2, 'max_depth': 6, 'n_estimators': 100, 'nthread': 4}	4.996120796817627	11.285067772382918	3.2513162249699628	7.212459535410106
359	14.0	{'gamma': 0.0, 'learning_rate': 0.2, 'max_depth': 7, 'n_estimators': 100, 'nthread': 4}	4.053249767782915	11.620966144740077	2.6196265898879587	7.305135830162228
360	14.0	{'gamma': 0.1, 'learning_rate': 0.01, 'max_depth': 5, 'n_estimators': 100, 'nthread': 4}	12.797081201466183	13.670889734864037	8.448874465243433	8.267977850107105
361	14.0	{'gamma': 0.1, 'learning_rate': 0.01, 'max_depth': 6, 'n_estimators': 100, 'nthread': 4}	12.289420122245604	13.463155656884977	8.15545970370845	8.160794800491626
362	14.0	{'gamma': 0.1, 'learning_rate': 0.01, 'max_depth': 7, 'n_estimators': 100, 'nthread': 4}	11.779857525558809	13.591386535129894	7.8575520143805475	8.236824771892673
363	14.0	{'gamma': 0.1, 'learning_rate': 0.1, 'max_depth': 5, 'n_estimators': 100, 'nthread': 4}	7.329404541861295	11.101375332589914	4.818306167575235	7.080874159879687
364	14.0	{'gamma': 0.1, 'learning_rate': 0.1, 'max_depth': 6, 'n_estimators': 100, 'nthread': 4}	6.206967116909814	11.143032985163236	4.089016830250788	7.084059948108698
365	14.0	{'gamma': 0.1, 'learning_rate': 0.1, 'max_depth': 7, 'n_estimators': 100, 'nthread': 4}	5.176984899069907	11.276230386599213	3.4116565998852924	7.212553762642222
366	14.0	{'gamma': 0.1, 'learning_rate': 0.2, 'max_depth': 5, 'n_estimators': 100, 'nthread': 4}	6.1493636231062565	11.353445653466771	4.0194323412685335	7.30062101425929
367	14.0	{'gamma': 0.1, 'learning_rate': 0.2, 'max_depth': 6, 'n_estimators': 100, 'nthread': 4}	5.025151456969775	11.345194317240349	3.276978800131346	7.291558353974629
368	14.0	{'gamma': 0.1, 'learning_rate': 0.2, 'max_depth': 7, 'n_estimators': 100, 'nthread': 4}	3.955207266628127	11.482577682838473	2.5593383012921356	7.139443226069314
369	14.0	{'gamma': 0.2, 'learning_rate': 0.01, 'max_depth': 5, 'n_estimators': 100, 'nthread': 4}	12.797081201466183	13.670889734864037	8.448874465243433	8.267977850107105
370	14.0	{'gamma': 0.2, 'learning_rate': 0.01, 'max_depth': 6, 'n_estimators': 100, 'nthread': 4}	12.289420122245604	13.463155656884977	8.15545970370845	8.160794800491626
371	14.0	{'gamma': 0.2, 'learning_rate': 0.01, 'max_depth': 7, 'n_estimators': 100, 'nthread': 4}	11.779857914717033	13.591386277472456	7.857551166977967	8.236824589222286
372	14.0	{'gamma': 0.2, 'learning_rate': 0.1, 'max_depth': 5, 'n_estimators': 100, 'nthread': 4}	7.329404301356217	11.101376437982697	4.818304901398225	7.080875933979139
373	14.0	{'gamma': 0.2, 'learning_rate': 0.1, 'max_depth': 6, 'n_estimators': 100, 'nthread': 4}	6.206971247620353	11.143035891321226	4.0890062680318655	7.084060470285346
374	14.0	{'gamma': 0.2, 'learning_rate': 0.1, 'max_depth': 7, 'n_estimators': 100, 'nthread': 4}	5.139549644228378	11.368259519946886	3.3838264369700966	7.236061064504873
375	14.0	{'gamma': 0.2, 'learning_rate': 0.2, 'max_depth': 5, 'n_estimators': 100, 'nthread': 4}	6.1493737749736015	11.35343338781521	4.019419076301894	7.300619457276965
376	14.0	{'gamma': 0.2, 'learning_rate': 0.2, 'max_depth': 6, 'n_estimators': 100, 'nthread': 4}	5.009329799369025	11.30359807098698	3.269968523603949	7.258826491862544
377	14.0	{'gamma': 0.2, 'learning_rate': 0.2, 'max_depth': 7, 'n_estimators': 100, 'nthread': 4}	3.897376528601866	11.820515901864036	2.53226870390495	7.405497812436244
378	16.0	{'gamma': 0.0, 'learning_rate': 0.01, 'max_depth': 5, 'n_estimators': 100, 'nthread': 4}	12.880978665281129	10.887597072532154	8.486405019925673	8.386424559093106
379	16.0	{'gamma': 0.0, 'learning_rate': 0.01, 'max_depth': 6, 'n_estimators': 100, 'nthread': 4}	12.362565610906158	10.92988667373872	8.179030699568452	8.49565458391278
380	16.0	{'gamma': 0.0, 'learning_rate': 0.01, 'max_depth': 7, 'n_estimators': 100, 'nthread': 4}	11.854419475876586	11.108408008690349	7.874265624746328	8.564373138438503
381	16.0	{'gamma': 0.0, 'learning_rate': 0.1, 'max_depth': 5, 'n_estimators': 100, 'nthread': 4}	7.35868490937468	8.615561763137382	4.790595652554465	6.144596759276042
382	16.0	{'gamma': 0.0, 'learning_rate': 0.1, 'max_depth': 6, 'n_estimators': 100, 'nthread': 4}	6.204218136737961	8.614925822053616	4.065353320296937	6.284396994055251
383	16.0	{'gamma': 0.0, 'learning_rate': 0.1, 'max_depth': 7, 'n_estimators': 100, 'nthread': 4}	5.076321464268421	9.062549173916326	3.321912071516763	6.518303132450792
384	16.0	{'gamma': 0.0, 'learning_rate': 0.2, 'max_depth': 5, 'n_estimators': 100, 'nthread': 4}	6.174801976264343	9.218386382354566	4.022559815286736	6.415757744459984
385	16.0	{'gamma': 0.0, 'learning_rate': 0.2, 'max_depth': 6, 'n_estimators': 100, 'nthread': 4}	5.047448434986552	9.143748208908253	3.2854934901428807	6.542514361782942
386	16.0	{'gamma': 0.0, 'learning_rate': 0.2, 'max_depth': 7, 'n_estimators': 100, 'nthread': 4}	3.940113061015057	9.209236045087296	2.5394296911597425	6.798410223357895
387	16.0	{'gamma': 0.1, 'learning_rate': 0.01, 'max_depth': 5, 'n_estimators': 100, 'nthread': 4}	12.880978665281129	10.887597072532154	8.486405019925673	8.386424559093106
388	16.0	{'gamma': 0.1, 'learning_rate': 0.01, 'max_depth': 6, 'n_estimators': 100, 'nthread': 4}	12.362565610906158	10.92988667373872	8.179030699568452	8.49565458391278
389	16.0	{'gamma': 0.1, 'learning_rate': 0.01, 'max_depth': 7, 'n_estimators': 100, 'nthread': 4}	11.854419475876586	11.108408008690349	7.874265624746328	8.564373138438503
390	16.0	{'gamma': 0.1, 'learning_rate': 0.1, 'max_depth': 5, 'n_estimators': 100, 'nthread': 4}	7.35868490937468	8.615561763137382	4.790595652554465	6.144596759276042
391	16.0	{'gamma': 0.1, 'learning_rate': 0.1, 'max_depth': 6, 'n_estimators': 100, 'nthread': 4}	6.204268863036216	8.614900704621633	4.065296163537466	6.2843785623215105
392	16.0	{'gamma': 0.1, 'learning_rate': 0.1, 'max_depth': 7, 'n_estimators': 100, 'nthread': 4}	5.047984827005113	9.106247587652023	3.3016037891941026	6.520536266123325
393	16.0	{'gamma': 0.1, 'learning_rate': 0.2, 'max_depth': 5, 'n_estimators': 100, 'nthread': 4}	6.174801976264343	9.218386382354566	4.022559815286736	6.415757744459984
394	16.0	{'gamma': 0.1, 'learning_rate': 0.2, 'max_depth': 6, 'n_estimators': 100, 'nthread': 4}	5.051306536629014	9.205593903612739	3.2962339746551805	6.592481234690993
395	16.0	{'gamma': 0.1, 'learning_rate': 0.2, 'max_depth': 7, 'n_estimators': 100, 'nthread': 4}	3.895818592956306	9.03429688409666	2.519761359162386	6.616940684202276
396	16.0	{'gamma': 0.2, 'learning_rate': 0.01, 'max_depth': 5, 'n_estimators': 100, 'nthread': 4}	12.880978665281129	10.887597072532154	8.486405019925673	8.386424559093106
397	16.0	{'gamma': 0.2, 'learning_rate': 0.01, 'max_depth': 6, 'n_estimators': 100, 'nthread': 4}	12.362565610906158	10.92988667373872	8.179030699568452	8.49565458391278
398	16.0	{'gamma': 0.2, 'learning_rate': 0.01, 'max_depth': 7, 'n_estimators': 100, 'nthread': 4}	11.854419475876586	11.108408008690349	7.874265624746328	8.564373138438503
399	16.0	{'gamma': 0.2, 'learning_rate': 0.1, 'max_depth': 5, 'n_estimators': 100, 'nthread': 4}	7.35868490937468	8.615561763137382	4.790595652554465	6.144596759276042
400	16.0	{'gamma': 0.2, 'learning_rate': 0.1, 'max_depth': 6, 'n_estimators': 100, 'nthread': 4}	6.204269730513624	8.614859977084876	4.065289147262389	6.28429697238406
401	16.0	{'gamma': 0.2, 'learning_rate': 0.1, 'max_depth': 7, 'n_estimators': 100, 'nthread': 4}	5.036349455274121	9.108499463380015	3.2873372852853806	6.525642811375583
402	16.0	{'gamma': 0.2, 'learning_rate': 0.2, 'max_depth': 5, 'n_estimators': 100, 'nthread': 4}	6.174801976264343	9.218386382354566	4.022559815286736	6.415757744459984
403	16.0	{'gamma': 0.2, 'learning_rate': 0.2, 'max_depth': 6, 'n_estimators': 100, 'nthread': 4}	5.0238421358278496	9.360741370384124	3.25797484599914	6.774605323888822
404	16.0	{'gamma': 0.2, 'learning_rate': 0.2, 'max_depth': 7, 'n_estimators': 100, 'nthread': 4}	3.907278345970951	9.058842403363297	2.522708312377901	6.630197241440862
