id,start,end,count
1,2020-02-15 06:21:30.218750,2020-02-15 09:26:46.984375,711474
1,2020-02-15 16:19:47.250000,2020-02-16 15:08:12.984375,5254768
1,2020-02-16 15:56:11.218750,2020-02-16 16:54:54.984375,225522
1,2020-02-17 21:05:26.687500,2020-02-17 21:51:31.984375,176980
1,2020-02-19 07:15:52.250000,2020-02-19 12:19:09.984375,1164656
1,2020-02-21 00:32:30.359375,2020-02-21 07:42:24.984375,1650857
1,2020-02-21 17:20:05.312500,2020-02-21 19:44:31.984375,554668
2,2020-02-21 19:34:52.765625,2020-02-21 19:47:51.984375,49871
2,2020-02-22 21:28:51.296875,2020-02-22 22:04:30.984375,136941
2,2020-02-23 20:46:57.500000,2020-02-23 21:19:46.984375,126048
2,2020-02-24 20:08:10.312500,2020-02-24 20:34:54.984375,102700
2,2020-02-25 12:24:35.343750,2020-02-25 19:11:35.984375,1562922
2,2020-02-26 20:42:14.656250,2020-02-26 21:44:42.984375,239894
2,2020-02-27 22:52:32.328125,2020-02-27 23:48:15.984375,213995
2,2020-02-28 21:58:05.531250,2020-02-29 07:54:46.984375,2291294
3,2020-02-23 18:14:40.421875,2020-02-23 19:03:52.984375,188965
3,2020-02-24 09:21:16.562500,2020-02-24 18:20:45.984375,2071644
3,2020-02-24 22:35:46.140625,2020-02-26 02:50:21.984375,6507255
3,2020-02-26 09:28:20.937500,2020-02-26 10:00:39.984375,124100
3,2020-02-26 21:04:53.687500,2020-02-27 05:02:06.984375,1832532
3,2020-02-28 13:29:34.671875,2020-02-29 11:54:06.984375,5163029
3,2020-03-01 07:05:17.031250,2020-03-01 07:36:43.984375,120766
4,2020-02-27 08:47:02.250000,2020-02-27 21:11:01.984375,2856944
4,2020-02-28 04:14:42.312500,2020-02-29 19:07:05.984375,8956396
4,2020-02-29 22:05:03.906250,2020-02-29 22:16:52.984375,45382
4,2020-03-01 09:36:56.984375,2020-03-01 10:58:57.984375,314945
4,2020-03-01 22:49:16.468750,2020-03-01 23:15:53.984375,102242
4,2020-03-02 09:04:23.484375,2020-03-02 09:58:05.984375,206241
4,2020-03-02 21:35:28.625000,2020-03-02 21:54:44.984375,74008
4,2020-03-03 11:51:56.328125,2020-03-03 12:21:57.984375,115307
4,2020-03-04 01:41:26.593750,2020-03-04 02:06:59.984375,98138
4,2020-03-04 16:10:46.125000,2020-03-04 16:38:04.984375,104888
4,2020-03-04 21:02:32.843750,2020-03-04 21:21:35.984375,73162
4,2020-03-05 07:44:59.265625,2020-03-05 21:28:49.984375,3163567
4,2020-03-06 07:26:23.468750,2020-03-06 07:32:02.984375,21730
4,2020-03-06 09:51:38.296875,2020-03-06 09:56:43.984375,19565
5,2020-02-27 18:20:42.218750,2020-02-27 19:01:06.984375,155186
5,2020-02-28 12:34:07.218750,2020-02-28 15:33:04.984375,687218
5,2020-02-28 22:19:24.437500,2020-02-28 22:38:35.984375,73700
5,2020-02-29 14:47:16.218750,2020-02-29 15:24:06.984375,141490
5,2020-03-01 03:24:07.265625,2020-03-01 06:07:35.984375,627759
5,2020-03-01 16:07:16.312500,2020-03-01 17:21:06.984375,283564
5,2020-03-01 22:42:15.562500,2020-03-01 23:02:24.984375,77404
5,2020-03-01 23:37:44.390625,2020-03-01 23:38:39.984375,3559
5,2020-03-02 17:47:20.234375,2020-03-02 18:24:57.984375,144497
5,2020-03-03 09:24:14.546875,2020-03-03 09:40:09.984375,61149
5,2020-03-03 09:49:15.015625,2020-03-03 09:50:12.984375,3711
5,2020-03-03 22:08:24.328125,2020-03-03 22:38:06.984375,114091
5,2020-03-03 22:51:56.984375,2020-03-03 22:52:53.984375,3649
5,2020-03-04 00:59:50.640625,2020-03-04 01:00:41.984375,3287
5,2020-03-04 20:05:42.328125,2020-03-04 22:49:46.984375,630059
5,2020-03-05 22:02:51.359375,2020-03-05 22:44:36.984375,160361
5,2020-03-06 22:29:22.984375,2020-03-06 22:52:55.984375,90433
5,2020-03-07 08:00:46.406250,2020-03-07 08:29:14.984375,109350
6,2020-02-29 08:22:28.281250,2020-02-29 12:01:37.984375,841582
6,2020-02-29 22:52:16.656250,2020-02-29 23:42:12.984375,191766
6,2020-03-02 14:32:33.312500,2020-03-03 07:25:35.984375,3890092
6,2020-03-04 04:15:30.218750,2020-03-04 05:39:16.984375,321714
6,2020-03-04 21:43:57.968750,2020-03-04 22:50:41.984375,256258
6,2020-03-05 17:44:16.718750,2020-03-08 01:23:23.984375,12822226
6,2020-03-08 10:21:12.328125,2020-03-09 07:38:07.984375,4903403
7,2020-03-14 10:38:57.687500,2020-03-14 10:45:39.984375,25748
7,2020-03-15 08:18:06.218750,2020-03-15 08:48:45.984375,117746
7,2020-03-15 09:05:31.468750,2020-03-15 09:19:00.984375,51810
7,2020-03-15 09:24:32.375000,2020-03-15 09:25:32.984375,3880
7,2020-03-15 12:28:10.546875,2020-03-15 12:53:14.984375,96285
7,2020-03-16 08:45:06.000000,2020-03-16 09:11:54.984375,102976
7,2020-03-16 17:29:41.203125,2020-03-16 17:30:30.984375,3187
7,2020-03-17 11:02:49.453125,2020-03-17 11:28:47.984375,99747
7,2020-03-18 10:01:35.109375,2020-03-18 10:25:10.984375,90617
7,2020-03-19 09:02:08.359375,2020-03-19 09:24:41.984375,86633
7,2020-03-20 03:57:22.375000,2020-03-20 09:43:04.984375,1327528
7,2020-03-20 18:09:18.406250,2020-03-20 18:10:06.984375,3110
7,2020-03-21 09:47:07.828125,2020-03-21 10:12:03.984375,95755
7,2020-03-22 04:35:24.234375,2020-03-22 07:59:06.984375,782257
8,2020-03-15 10:28:46.187500,2020-03-15 14:18:54.984375,883764
8,2020-03-17 04:13:35.265625,2020-03-17 12:26:07.984375,1891375
8,2020-03-18 19:01:08.375000,2020-03-18 21:46:57.984375,636776
8,2020-03-20 06:34:53.203125,2020-03-20 06:56:07.984375,81587
8,2020-03-20 23:40:08.296875,2020-03-21 06:59:14.984375,1686189
8,2020-03-22 05:02:55.343750,2020-03-22 10:38:24.984375,1288298
8,2020-03-22 22:10:15.906250,2020-03-22 22:28:49.984375,71302
8,2020-03-23 07:28:04.437500,2020-03-23 09:27:22.984375,458148
9,2020-03-22 09:28:16.343750,2020-03-22 10:11:41.984375,166762
9,2020-03-22 10:45:28.062500,2020-03-22 10:47:18.984375,7100
9,2020-03-23 09:06:11.656250,2020-03-23 10:12:14.984375,253654
9,2020-03-24 09:57:57.187500,2020-03-24 10:39:59.984375,161460
9,2020-03-25 19:46:20.359375,2020-03-26 08:01:29.984375,2823017
9,2020-03-26 22:01:28.218750,2020-03-26 23:11:47.984375,270066
9,2020-03-27 20:52:28.703125,2020-03-27 21:22:12.984375,114195
9,2020-03-28 22:20:03.343750,2020-03-28 23:53:09.984375,357546
10,2020-03-23 05:09:55.015625,2020-03-23 05:35:16.984375,97407
10,2020-03-24 09:30:48.062500,2020-03-24 10:48:55.984375,300028
10,2020-03-25 06:21:11.718750,2020-03-25 07:00:26.984375,150738
10,2020-03-26 04:48:38.187500,2020-03-26 05:08:09.984375,74996
10,2020-03-27 05:52:33.218750,2020-03-27 06:17:17.984375,95026
10,2020-03-28 03:10:18.359375,2020-03-28 05:26:02.984375,521257
10,2020-03-29 03:59:03.343750,2020-03-29 05:46:11.984375,411434
10,2020-03-30 02:55:52.328125,2020-03-30 06:13:05.984375,757355
11,2020-04-06 12:03:44.187500,2020-04-06 12:29:54.984375,100532
11,2020-04-06 19:59:46.421875,2020-04-06 20:53:29.984375,206309
11,2020-04-06 20:58:50.031250,2020-04-06 22:43:24.984375,401598
11,2020-04-07 08:34:52.546875,2020-04-07 08:39:15.984375,16861
11,2020-04-07 18:52:53.687500,2020-04-07 19:55:30.984375,240468
11,2020-04-08 20:09:02.781250,2020-04-08 21:34:44.984375,329102
11,2020-04-09 15:30:42.968750,2020-04-11 06:39:22.984375,9018882
11,2020-04-11 20:38:13.500000,2020-04-11 21:37:46.984375,228704
11,2020-04-12 21:08:10.687500,2020-04-12 21:53:16.984375,173204
11,2020-04-13 22:27:48.796875,2020-04-14 02:40:33.984375,970573
11,2020-04-14 20:19:18.140625,2020-04-14 21:13:45.984375,209143
11,2020-04-15 23:42:06.562500,2020-04-16 06:15:39.984375,1511260
12,2020-05-03 20:48:45.218750,2020-05-03 21:48:48.984375,230642
12,2020-05-05 20:06:29.312500,2020-05-05 23:19:35.984375,741548
12,2020-05-07 15:56:16.312500,2020-05-07 23:48:29.984375,1813356
12,2020-05-08 22:52:51.515625,2020-05-08 23:22:59.984375,115743
12,2020-05-10 13:41:00.359375,2020-05-10 20:47:26.984375,1637545
13,2020-05-29 09:11:15.921875,2020-05-29 10:53:34.984375,392901
13,2020-05-30 10:24:32.375000,2020-05-30 10:57:41.984375,127336
13,2020-05-30 11:12:37.812500,2020-05-30 11:18:33.984375,22796
13,2020-05-31 10:04:48.406250,2020-05-31 11:16:28.984375,275238
13,2020-05-31 13:11:14.312500,2020-05-31 14:13:48.984375,240300
13,2020-05-31 23:01:09.296875,2020-05-31 23:49:20.984375,185069
13,2020-06-01 10:43:59.765625,2020-06-01 11:48:47.984375,248847
13,2020-06-02 12:28:01.156250,2020-06-02 13:14:32.984375,178678
13,2020-06-03 14:19:08.281250,2020-06-03 15:16:32.984375,220462
13,2020-06-04 09:08:56.640625,2020-06-04 09:45:29.984375,140375
14,2020-06-07 00:54:01.218750,2020-06-07 11:57:02.984375,2546034
14,2020-06-07 19:11:49.156250,2020-06-07 22:09:35.984375,682678
14,2020-06-08 22:55:17.078125,2020-06-08 23:30:54.984375,136827
14,2020-06-09 21:18:56.390625,2020-06-10 00:17:46.984375,686759
14,2020-06-11 14:40:47.281250,2020-06-11 22:45:48.984375,1862510
14,2020-06-12 21:24:54.921875,2020-06-12 22:52:46.984375,337413
14,2020-06-13 10:35:25.531250,2020-06-13 10:35:31.984375,414
16,2020-07-18 03:07:23.265625,2020-07-18 09:31:30.984375,1475055
16,2020-07-19 15:00:19.171875,2020-07-20 08:39:19.984375,4066613
16,2020-07-21 14:24:17.031250,2020-07-21 15:36:55.984375,278974
16,2020-07-22 10:59:00.187500,2020-07-22 11:37:20.984375,147252
